rainfall,temperature,humidity,wind_speed,pressure,river_level,elevation,flood
74.90802376947249,23.702658576772393,55.70234102415436,53.81623953671184,1010.0198557399258,2.6649953615259316,65.52918149962656,0
190.14286128198324,30.838018947567164,54.81872794431999,63.734511775309784,1018.1901315254995,3.103896126562618,18.89386348630629,1
146.398788362281,37.45891671752817,94.3752748312622,20.03743190339992,1016.6056325426556,5.200010662611992,87.49466720877186,1
119.73169683940732,34.644497728191226,54.972771990970365,49.98992796855991,995.386496664282,2.370024123329407,62.08539142878567,0
31.203728088487303,36.131222957229,56.316983567717855,45.739678651499894,995.2237314409516,5.283073266466943,17.405980588581517,0
31.19890406724053,33.175667334214346,85.56389574507782,66.62643014306168,999.386102871072,0.9847393703718033,96.30912963315826,0
11.616722433639893,33.84553129035705,66.9843905470324,72.48696483850084,1002.6376154219363,4.772391404647469,52.79981540686142,0
173.23522915498702,36.983913031306386,86.60263341731087,0.9725417181909446,1004.2959453492969,5.16151198180105,9.14404828342219,1
120.22300234864176,24.993360177183717,43.92196945386311,53.92159352470341,1013.7894025891671,1.4999970906053632,63.429624632676585,0
141.6145155592091,29.788499272862808,69.25427162040306,4.146863929578322,991.9838151258042,2.8669059280471023,26.813492887255403,1
4.116898859160489,24.424188836392045,42.016816010996955,43.908693206188474,991.2135446479123,1.410248760650106,80.76195828397564,0
193.98197043239887,39.75336015993294,43.75919220732127,23.010618323494256,1003.7168697030368,4.386322709468198,82.14656320948669,1
166.48852816008434,38.88118679373227,94.38624720066466,24.542127961771296,1014.4007292248293,3.444412724339112,97.93684087375686,1
42.46782213565523,20.788536227370116,48.354722267055706,28.236680276188526,996.7702370034768,3.9942784068957655,51.18321404040137,0
36.364993441420125,34.11150345031377,71.94524093651303,49.70339592396881,1012.4526568439688,1.5806783182591613,46.58577421331824,0
36.68090197068676,38.50496634831332,64.66573615604239,26.723997253501537,999.0939848279105,1.6646022412883075,75.8406093337551,0
60.84844859190754,23.611506902546672,60.84059957553056,58.615924047222435,1021.013013808473,0.7282352903044851,14.982124321508802,0
104.95128632644757,31.358904611052587,93.99000074123634,32.36219084590957,1021.3491480493316,2.2713714435765135,55.597720351726174,0
86.38900372842315,38.30976595176084,41.30940380652937,5.468256024796689,1000.4050521498464,3.578595637335212,55.53226481282339,0
58.245828039608384,20.678919571715976,79.82738117053535,62.70078739872858,998.0497813887134,5.218642026985308,10.768366035417948,1
122.3705789444759,33.9484053449368,97.80366605281303,22.86066596741648,1004.395639022318,4.168100961022744,42.96244037967753,1
27.898772130408368,25.946980147451015,73.61009100771051,34.62135036794101,998.4186054813052,2.8946797786986327,85.62191025958579,0
58.42892970704363,38.48792390753061,96.20934772198551,54.835510657752124,1013.5334345152096,5.742160629167758,85.9030549554767,0
73.27236865873834,39.42116490330736,43.13547275716142,26.59649257189696,1018.91226395919,4.455848603167075,11.725291162128737,1
91.21399684340719,38.88532978226868,65.12759914444968,4.52685249173725,1013.5582245818925,5.615908615744025,10.890646509287423,1
157.03519227860272,29.484284333149276,55.60946745772307,29.913683761025087,1018.8522656537273,3.401733852996911,27.74415674618966,1
39.93475643167195,37.24085301978627,83.84925789884379,75.55588661554427,1003.8947256772616,1.9239735113622678,87.72707413029136,0
102.84688768272233,36.8909879707014,98.8778254298348,51.33875178388465,995.4710939748102,0.7905467750059709,14.632453337202897,0
118.4829137724085,26.382009464865114,55.39180374665487,53.71833189337656,1015.8282831589157,4.493466683161177,72.55968665748973,1
9.290082543999546,36.57830948301355,79.25047608844446,50.58257229101119,1002.6166076799544,1.1671664890304376,11.914230722084115,0
121.50897038028768,20.740152694309852,51.88585796558441,15.919371116754943,1013.4944788830196,2.1652632054958194,63.067509667286885,1
34.10482473745831,31.92539756964106,73.9198152742966,33.46670912818241,999.4725379693618,3.4285899933614354,36.89459531367619,0
13.010318597055903,24.600176745754062,67.83594920130017,60.07518386906546,992.8430372182336,3.6042912327886123,79.31356837065496,0
189.77710745066665,22.411337715545578,98.32031977789222,8.109831804252732,1024.7403628420718,3.803207583429248,24.901663984885634,1
193.12640661491187,21.539064032584182,76.51163636178799,22.22822208717698,995.467052777571,1.4144043169233536,64.64177928021607,1
161.67946962329222,33.9257755175628,60.97038232520913,22.10552867726829,1024.5947347887218,2.588555726519068,25.096888388436724,1
60.92275383467414,26.797499275361325,46.845747093276,34.56151420756048,1024.2047976398258,3.8945682491433167,71.93870774499108,0
19.534422801276776,34.49533543057523,49.07480972409607,78.42949927537481,1017.7836336367814,5.834003755485816,87.62044738695337,0
136.84660530243139,21.307126815978847,53.519015797074104,5.400203734705755,1013.07980367287,4.501971257348288,14.426576314422483,1
88.03049874792026,26.305806756612206,55.05799968041788,41.496079550447604,1010.2232467587879,5.574320664016768,86.92637748235934,1
24.407646968955767,30.789825847506744,91.03696347046827,14.349174560976836,1020.3135540882242,4.692166320727973,60.1703749326012,0
99.03538202225404,35.81446329677927,73.6733672969515,77.65412363277953,1000.1303832566821,3.754443328908202,14.456828104968348,1
6.877704223043679,26.3750500586414,71.40345468246198,9.064280378197136,1006.3688424369707,1.556128530249895,43.899101825251776,0
181.8640804157564,32.517827528740185,46.88613231215305,32.288080188927296,1011.6786489278276,4.166771085408822,17.764308761539596,1
51.75599632000338,37.71955496472374,91.6083816009661,59.03079878676849,1004.3916666554322,3.9285876127794888,70.6340931089238,0
132.5044568707964,32.31726376364609,83.36885819250902,56.364354242195624,1004.9620258931594,3.8135804375149656,76.36907717295907,1
62.34221521788219,24.659189495072674,44.0601017140001,33.818290951514584,1001.559963362573,3.193822273935324,12.368058986734297,0
104.01360423556216,20.48801563113076,82.47010583378612,27.72193343621746,1009.7481135839588,3.407611321941016,51.60170556407515,1
109.34205586865593,37.401977478018594,72.61229304055877,31.808990284229644,1019.7701084805291,2.3394338991495722,81.83325549053988,0
36.97089110510541,20.425388217007743,44.9035207448067,21.142101052691142,997.053493230221,3.3562198095326674,93.74397807199766,0
193.91692555291172,37.49403345368399,67.49803849171938,16.426635096543983,1022.7051563563705,1.5865574812316303,52.32475094069346,1
155.02656467222292,30.578742680544238,69.08177722780282,38.6431758047112,1014.118067881188,4.9284591854820725,95.12736391391789,1
187.8997883128378,38.781353970257925,49.94647240979654,21.482700485408586,1018.814562443801,1.521773250842893,54.49751910469092,1
178.96547008552977,35.97566471547331,96.74188882001694,22.99693319178001,1009.4666742420504,0.9673145943920654,40.63066847079098,1
119.57999576221702,39.95868221066675,90.99852228883972,52.54048507796456,1017.2830845498422,2.8993531449643655,85.12390659818375,1
184.37484700462338,27.014236309034203,80.1413402397465,77.48298653599137,990.5670139068814,4.120690917283341,50.31230562489273,1
17.6985004103839,35.34376577862254,67.73773366003644,48.29097604475001,1018.6433148672837,2.9074425371344774,48.24644603532326,0
39.19657248382904,28.03861827218484,64.70593249507051,6.158357365197302,991.4048600679878,2.0221477257321974,50.05062396216317,0
9.045457782107613,29.597512406078177,79.05840802905725,6.046689108325358,1021.1469681727002,3.569941511397424,84.98493018323505,0
65.06606615265287,32.5501092643674,72.72591216441432,76.11385766764528,1024.7186961533525,2.4085128447671,83.5302710854291,0
77.7354579378964,37.47354228372677,43.73638635291314,23.78326322458669,1000.2923611761872,5.630772295696482,41.5449592591407,1
54.269806354779185,39.681669383985906,70.75015892621991,7.365358886598035,997.3611494700028,5.5745482678196465,34.66338626731145,1
165.74750183038586,35.36546827729036,88.38421703397037,47.92356697203053,1016.7877177350314,3.263045009846525,50.20894635583467,1
71.35066533871786,28.355335643346677,67.55439265581748,49.89190226322129,998.8559219322088,2.3033619671004217,58.131705954236686,0
56.18690193747615,28.427140045541403,43.117394653256106,51.88038560949505,1020.2946834110271,4.554228276761515,25.3570466415437,1
108.5392166316497,34.75164603177783,87.17669196304199,21.392162228603304,993.5994907255117,0.7019211891568665,79.80759830212789,1
28.184844994952527,24.775542915366046,52.08182692815846,1.2088547371580027,994.4084318732776,3.1112295332400817,49.67531104177744,0
160.43939615080794,22.209482262627894,55.51725009328233,77.20122955635775,1024.2703044285215,2.3497786684868345,34.73646374515604,1
14.910128735954164,27.09244315281553,49.882381205937754,20.0714436552882,1013.5843614394502,5.562947368064051,12.46845731047108,0
197.37738732010345,25.744779833081637,59.81290389228985,54.0821030442038,1019.6410528550133,0.566016649999754,25.406825719553478,1
154.44895385933148,25.9261624091198,85.4050903413181,56.530389590296764,1001.3515282073031,3.54048181645092,95.0295548320864,1
39.74313630683448,24.672155020998197,71.16315157023624,48.800593366358854,1013.6769312332211,4.573649695866443,31.899769308313605,0
1.1044234247204798,20.84186379272724,52.29287644904275,25.032591537091857,1010.7984639558009,3.167598931382227,18.54821035796946,0
163.09228569096683,20.357478694668277,92.66980468912246,21.68770030112526,1011.1102542043031,0.9697166658949692,47.145933582189336,1
141.37146876952343,39.75444779472063,92.77491129709175,47.81346261621625,1013.8886360838203,5.8485376451534625,32.094598849304376,1
145.80143360819747,28.555462674717248,92.23470550276042,69.28765068893532,1010.1375710595185,3.3490573725685384,5.445606526577027,1
154.25406933718915,27.686532943193633,54.32777268289236,75.73869831387165,1005.0171829255933,3.8780243437545625,33.66823129338289,1
14.808930346818073,33.5929456538614,67.07436065085929,8.47246435230061,999.6572943033192,1.8013538048912903,55.32264514606792,0
71.69314570885452,24.365077757301282,99.0993793684525,12.386289007817588,1016.900346581962,3.1592394680874207,56.067812457956755,0
23.173811905025943,38.99922367900451,86.32074857859942,75.57890070264637,997.9195350501116,2.8603222057707702,36.94277427533509,0
172.6206851751187,35.72690028831104,41.63004527353359,58.92281826678341,1014.2324007154045,0.9119271310109105,45.83567011275486,1
124.65962536551159,21.78822004624519,43.91227547562952,70.63950598638185,998.1666487927264,1.0838819445110697,96.6207559870071,0
66.17960497052984,28.35161551569857,67.83588260873996,16.210610730827455,1011.8865559484059,5.10609885790326,38.98015076857054,1
12.711670057204728,37.58236615124329,94.55321235169362,47.00686968875215,1016.147739349516,1.8190097371362464,27.30622769947833,0
62.19646434313244,38.8946404458282,72.32210787716285,56.091167553397895,997.6549861117288,1.572270493242468,25.85977031854249,0
65.03666440534941,29.348030224997395,69.86875048205741,54.408950835757814,992.0980155301457,3.277012981875766,46.86093204500515,1
145.92123566761282,32.268227784214154,46.32842199739783,32.65213526933585,994.5840810047961,4.7281092224938215,76.43297457426051,1
127.51149427104262,23.340678921841505,79.40680628345764,1.2315913353046781,1011.2098938544859,0.8407058521844335,22.186842050470375,1
177.44254851526532,39.82337252273953,89.32618963601354,46.63408454434105,1019.7306242179008,3.672443558010407,71.51102045979528,1
94.44298503238986,24.63343402766887,62.825200450453735,20.2481231343687,991.5748887432399,1.1556574356231535,4.0726826882427964,0
23.918849187660342,38.85463548270251,86.53671105551965,36.020339691431225,1015.6952940664576,0.7005357795409015,43.05543184242671,0
142.648957444599,32.99293297984737,97.8685992340487,76.60648120670538,1001.9461526082519,0.7900917368921956,78.03477638987312,1
152.15700972337947,32.15473589757718,52.22598754766135,31.922825411394776,1006.7484929471833,5.087902595146427,35.19582966589428,1
112.25543951389925,30.25377022033017,71.39977787168448,67.18412853315414,1022.5100842445947,1.1488486599543386,57.24623594164915,0
154.1934359909122,24.61339623435517,57.22827748507453,15.08324845994009,1001.6190026657546,0.7483325042676057,22.08796481693926,1
98.75911927287815,23.530560640110167,87.57126514203037,53.796839842002306,1006.286792687882,2.9084493792860178,74.71554833036488,1
104.54656587639882,24.409724181403508,74.65560195286946,78.16055635511547,990.4788845166238,5.1419640956811365,7.123352120338443,1
85.50820367170992,23.72876524288509,78.07494505301823,8.151448069834943,992.8559552001693,1.9432460706911607,85.54917919779903,0
5.083825348819038,35.591689471335066,87.87484957695364,0.665595378175361,999.0507056897175,2.81941939639254,21.423245869323477,0
21.57828539866089,27.002505183334602,63.75822835974729,34.686623410609144,990.9748284287376,0.7195739291006318,87.69100710741641,0
6.28583713734685,21.156853531267927,94.90540410442259,7.410038644109376,1012.0981364116888,2.969931827741817,36.5478656474507,0
127.28208225275608,39.38205260281623,71.9817320347684,59.87074797409851,1004.9239424880568,3.6768719435042354,72.82299029849969,1
62.871196215265336,37.67571769926852,49.47728937012088,73.16389310788472,1009.1850820954808,3.6399887956367962,33.28407918304647,0
101.71413823294056,38.55504566390426,81.75394709012815,34.721677816700705,996.1126515063715,2.3283468069590083,90.77934378099546,1
181.5132947852186,39.8981564529287,87.59568102629527,20.696931372435277,1000.3576210302815,2.235432493647245,14.410438300800687,1
49.858445829774986,23.477904984389745,59.0057006240516,34.75226552052878,1013.2338566198454,1.0864299041512884,19.494939348714674,0
82.07658460712595,27.924840378053176,91.43075541992518,57.875825428000084,1023.785595327064,2.5173907635544763,50.31695226556263,0
151.11022770860973,35.164769514081826,94.36859528594599,0.7243329264296783,991.7645870760773,1.0472206788013056,10.02996702573832,1
45.75963309832449,33.92041236107585,56.614269242668534,47.15631915877577,1021.1634512299344,4.7162776959162835,21.20605810077267,1
15.395981965758597,23.0779181267971,99.01128836291332,49.063334790990325,1010.1908420458923,5.814508637615022,94.48910545677741,0
57.9502905827536,36.31666249981235,48.442691682925506,51.01505975167484,1009.7371848364469,5.835409511666888,97.69598679249295,1
32.24425745080089,24.488811436733215,52.1209401041494,19.361766398470177,1007.5097487322716,5.257891046564666,38.87341427438135,1
185.93953046851462,24.47635229645246,51.053490354281564,57.12421787025014,992.4287930066464,3.804356821367905,92.4820300593657,1
161.6240759128834,30.73948845786827,93.63938260047223,7.3113189065421125,993.1456898107656,4.354761334841339,55.39281821599631,1
126.68075130208469,31.858798696834064,79.2575531394977,15.941626917344065,1011.0319201980681,2.0686319147422774,28.43476165562917,0
174.29211803754353,31.601724156756223,49.12625699333637,70.19760373235856,1001.9335500002445,3.9692373109494135,70.83507466589867,1
160.7344153798229,21.829736747955096,66.41940510210094,59.09785205812531,1022.1043823302189,3.006072521919326,66.57237704433601,1
37.31401177720717,37.549217252607605,76.91788150418813,1.09964432090762,1004.2306688075815,3.1510953687731287,98.93428127265587,0
178.51179969799554,25.312000851774123,45.007845099362996,19.87010082958402,995.0148510545924,4.667771082063369,27.974634166109762,1
107.86844838313014,22.590298425656083,92.94498210444033,17.152518639453163,1015.0151591725712,2.050550955784884,67.86183126085007,0
161.4880310328125,37.774961597379544,88.21621212649211,21.664506242957806,1000.2673697504354,2.2492178643198595,7.098327992885796,1
179.21825998469865,39.11302996459507,70.31240641459829,19.804781622390912,1008.3914607574562,5.585529851207502,13.137311792278503,1
63.60069499437277,37.24255234530901,98.02759691555022,5.002103659427659,1014.424147492681,0.8092336216803473,2.38400074520714,0
22.010384905535354,36.19032149449756,65.06565875650598,36.71524132774563,1021.5092438920725,3.170988641273372,99.94714674384797,0
45.58703250838833,33.10483961278044,99.04661914218987,58.61867798289321,1017.7266918180586,5.52040440224324,80.62282232045283,1
85.42155772525126,31.017147412182787,80.07519992821761,48.53853797739491,1013.6726373755454,3.8569965429998634,79.09885544388699,0
163.60295318449863,21.739735198228203,78.0802763952365,53.82973348784638,1013.78716138383,3.5052389081667266,51.95315537824161,1
172.1461166512687,28.169064261413972,49.9572937177471,6.491934282899132,1023.107362541123,1.8735929857614537,31.406574124733112,1
1.3904261062381407,27.45377034024628,92.91566549827864,76.11925681414297,1000.3538434123788,2.3880151898544657,16.823899877342242,0
102.14946051551314,25.195075675206525,65.6493812752369,67.07934670744199,990.0389232968665,5.186266286925811,29.89812440695344,1
83.4822006297558,34.4684022737717,49.734004346948765,64.40722547965302,999.5184095789369,3.57569972472652,38.84517974905563,1
44.42156209414605,29.917514701575417,40.75645119854554,65.8387044033414,997.6261982869361,3.3310820656622893,76.11838950406882,0
23.97307346673656,21.62092431815296,73.58534101830296,74.6168406506209,1013.16421047899,1.047688424470159,54.886855312508935,0
67.5230342807256,24.403664038996226,71.64397732736057,43.54031728909582,1012.1799059917935,0.5881548605031772,9.593395402437302,0
188.58194078250384,33.66517527319192,83.16121734214951,16.02256142941007,1010.7711483946654,5.80026853777877,3.7668428779733993,1
64.64058640415105,21.522617189806002,93.41548318106813,49.34268862820329,990.5685205123309,2.573423920077629,12.028553594338188,1
103.75812434867322,37.02413828097538,44.76439507858177,59.43051949343512,1015.5072319057726,3.817671841547274,42.22887394234318,1
140.60379177903556,29.902930540279485,83.88978942042175,59.03339146832203,1001.3235644369922,0.9384329025300675,93.45290587080379,1
72.7259204758588,29.61173154653296,51.244716645854936,41.71592193335041,1013.276959615232,4.2571285714767555,64.46544315850372,0
194.35641654419214,31.84815569319035,91.49062318942984,5.476697546686244,1009.4802449975754,5.629116897882785,80.57893818780047,1
192.48945898842226,36.49361931850298,89.14381083169937,29.689035074410228,1001.9955823899768,3.666158891485808,47.704710261445754,1
50.356459165072835,26.95618415804386,72.44762529913265,73.66132867706858,994.7101693486437,1.1936342730647582,37.44327615311419,0
99.44970117847708,33.56032305118127,82.61456791739869,46.75591278059408,993.3046614181168,3.699468401104122,12.623236526229027,1
60.17566196335393,31.314639279915824,58.861006791024906,43.066555460457074,1019.1031416589278,4.714909672075588,87.84143617424809,0
56.968098875493524,25.340565403388425,68.27007393596888,21.50828115057548,1022.1439139728545,2.7352909511571024,78.74968284473448,0
7.377389470906559,37.57259972710316,89.2982138626283,29.47591359332631,1012.7425816367505,5.339107613678073,18.47557356457706,0
121.91286679597937,35.948520432138565,67.55591183039283,71.62768713225354,993.620194020117,4.067756243465505,52.20153525987353,1
100.5358046457723,33.16903669316851,61.46789591952651,53.317043802146856,1004.0709525910884,5.4458690505906135,49.762731176281996,1
10.29575024999787,37.011634581884834,69.652746835018,62.990962140186625,1015.5128720036805,3.929279211860355,63.2589721632798,0
55.729292847322284,37.34588401919605,89.6949551462331,36.34763384541241,1017.2937309403524,1.2220838460265333,94.7263156111436,0
181.65317719333075,34.1672595343007,60.11248284225236,50.41977755649263,994.1376517801881,2.2033044110785402,58.817601292723005,1
47.91237813339448,36.74026656727344,50.42569558814463,19.8706886994566,990.0010751595884,1.609872215388513,54.94129214430462,0
28.97897441824462,33.94942923338567,82.72084121984685,56.436866422678904,1014.9247966058211,5.498545737442742,6.931647427597067,0
97.8905520555126,33.60281543520601,89.55869276248491,34.20810669626698,1002.4808661595172,4.682200370081155,8.164932649766346,1
197.13009082212014,32.372227564303685,46.038248711412,35.403641185179644,998.9068466066391,4.220191029005033,20.35998555002531,1
48.41105430230008,35.054332791152824,54.39244676535668,51.94578596615053,990.4514114426333,2.1553147579739194,5.182135625791331,0
134.4271094811757,23.172102105861473,48.51831938565964,74.90244971751413,1008.9104792366525,1.5122462462761743,74.8485837658612,0
152.32392306574351,37.617415183978565,60.87648469493,5.120507728689674,1019.7902757399094,4.660480983939015,72.88636979140838,1
47.527508798479936,37.436870554904644,67.02105873432475,65.97945898776061,1023.5171076195405,3.107868702334938,15.333510974301008,0
145.6432697223719,20.584945660691183,84.92958021779839,23.39064883297545,1009.8010732714652,1.7418425368284602,83.93573227793753,1
73.55662654385064,36.516335011295254,79.06885509290045,35.51355636051022,1008.0061464708963,3.891420879909013,17.169031414918976,1
126.4611661187159,22.577397349468903,77.25571404870587,1.7530663020007164,992.9769734921234,0.7218361867614859,31.51520752574116,1
126.70594215217893,26.70237708518284,61.142496796579266,24.083686226745044,1009.210548053991,2.2939363977053944,26.39973611781377,1
107.1549368149517,34.87016512583216,90.4868531850856,40.210499410410435,1003.2992677637889,3.0770634702512405,38.48609566015868,1
18.05795401088166,23.215197920966165,68.27723004388987,4.494086187795121,1011.2497348309251,1.313770837601732,26.957049057216263,0
167.0604991178476,36.35934048238124,98.74629628090926,39.28765835065321,1003.6054221756791,5.915599626749618,49.9171907909683,1
64.15601299434717,36.64268355915484,78.04852829774421,74.16885030867418,998.4104693207628,1.6500355052428783,41.92597237275917,0
37.30370207997085,30.149354675216724,47.57588449387016,8.431457448624418,993.3237846329931,1.2169422152379605,98.683810096374,0
8.155028310952783,20.12771743433667,80.57065372452604,61.15525824604035,1001.0221455606113,1.6194418063779301,7.480782312566115,0
118.17858863764836,25.740762663498256,59.506240925901935,32.773684270079414,993.3825692000713,4.729836232378483,15.933774885960458,1
135.51287236845647,32.33853836751484,81.17963180116584,52.41389716194704,996.1913932788394,2.8402811259951353,7.176937603043044,1
3.3175657855712304,39.62372356054847,44.178468889744344,20.818927838818347,1024.5567655502841,3.609787668638959,63.33243710827283,0
102.4186116598562,32.63627054033337,50.49288623055756,12.759381003308663,1005.5436244917316,0.6155503634249841,7.341909186544519,0
45.29915503958759,25.196071621283195,91.34423553434718,12.837009141698115,1008.6155118276756,0.6893721971532301,83.97109426286009,0
129.03455808188997,32.68011406199223,53.63077342141089,5.639355651451572,1020.5766485058025,2.9520405240485887,52.169985806828926,1
34.87328580099829,30.79970759431711,90.22246751457641,14.851736392099442,1024.844911517174,4.991603837608929,53.646747208990305,0
138.18754762049318,35.596907903022874,56.75656530726462,53.13755079911746,1010.3950057270639,5.368813832891608,57.03626175579503,1
77.34706926010747,22.139612776539167,78.57291460352246,70.53524894748064,1018.436583736546,0.9768861217760212,18.739743218008652,0
187.3459977473469,35.22055805004056,81.64903441058986,65.13005484729294,1001.4429358517837,3.4609970615556254,21.37364970521978,1
27.50418882919865,30.825331573522206,70.75928518870317,54.810744789958726,1000.7010385106552,5.522763274535988,33.24409764155446,1
68.2132702100517,39.25984007717989,58.31864060180388,8.834549072888214,1004.0946302348096,2.6338501491883752,60.162648750541436,0
22.694704248117816,26.837443320773723,52.75866258226577,23.134995703675987,1013.5377541935777,5.0626120728560275,22.591542042141022,0
184.93872365571255,32.652437862678966,41.991361273745575,24.784550025797518,1013.8767091239284,1.235326099196899,13.4005092590596,1
175.4678706761962,38.64056211020035,58.23678407444343,19.996555711809698,1001.0333802127308,5.644669693172893,97.07145486900636,1
51.58832554303112,22.050194559813583,79.18976743187699,41.20045277677785,994.662347344782,4.632828246422164,4.154217851343045,1
131.99680920683582,38.74456974472902,96.29828910690895,42.8443051903738,1012.1338689762928,5.677339160327959,80.66434572293012,1
163.44444004024317,33.757714446016266,92.27226893578313,28.550878013688816,994.4914051766068,4.221394784538786,79.22744465835217,1
111.04016231989246,21.356741182103438,85.96388659211816,28.30313269891488,1010.2472377880265,2.4987216259968488,31.126983156819406,0
105.93011567120129,26.019271338936324,87.30684059519791,66.2844478324865,1014.2697744819708,5.659996448885973,15.291408368716713,1
48.37045818009034,34.16344177290563,79.89909420855972,63.14342786557485,1014.5214023738058,2.0156172697004817,16.271607377131495,0
18.620553561179843,21.347012029375435,55.61721145396018,24.62366653445965,1016.3715238730858,2.326948871339529,70.34829848924487,0
179.44315159066534,31.643409203525465,94.43170184234978,73.10307550986074,1020.5500797547983,4.354446299009572,64.99504592644502,1
180.0836114326661,26.917661139059135,80.24393871435004,76.22520136020049,1007.4985647187676,4.709239647389625,78.7090760766359,1
126.62029145465358,32.41831035534954,73.62643785882639,26.139403362403264,1015.558721633535,5.611719161170346,93.87315489511225,1
67.80595820974014,20.914840676250257,46.65936815280887,28.35399590344439,1011.6710457378043,1.6264132498091524,69.80888160012601,0
69.84191492253218,37.430736123047524,66.82333262838553,40.45073227375671,996.5323978929189,4.888989193705732,17.27345058204146,1
145.19113577404786,39.46977938354794,67.62149627211558,75.28966500269388,990.8991375704293,4.562003293683299,25.857376443010246,1
179.42205199051543,39.377557105713834,91.87381657136021,70.10555465138492,999.9589484986927,0.8508700593947882,84.53498562556523,1
177.41728485302346,34.9930366348585,72.79889321126731,8.205437006687184,1005.5061797218167,2.6297272766561384,22.51199543175244,1
155.97510917152476,22.60172480261264,62.824032938224576,31.418459461713297,1011.5987080550029,2.0552100138305422,9.107187061539179,1
128.40632923085755,35.16526391858045,98.60801971063955,44.269695179981746,1019.7485765676122,2.174697333947167,70.92144529614055,1
16.827992999009766,20.49173832917603,46.643235599578944,40.2505978041232,996.8686000847158,5.906207837550855,41.44758283803392,0
32.325742818922755,20.442471030579945,65.35290569871668,15.509045434951414,994.3942426464467,4.0352757741396035,92.16392514949855,0
179.71083770541586,26.472204382990824,42.52148051028432,68.70534169345237,1023.7217981616014,4.4472188678642475,65.72499696717884,1
121.28581193191799,29.772863808093316,84.39424724601582,54.15526263974699,993.7815595781742,5.87139700523255,10.861059823582753,1
1.8394103233259296,35.40814835615586,95.08459313194903,67.03266998814429,1006.7471874537516,2.5746098035170126,94.88994359085875,0
20.294308573206422,33.665907532130106,56.80223977302937,68.70114234795777,1010.4947305077656,4.910120926490433,27.338611836744096,0
132.70035382161117,28.918054127534965,91.50050060794726,59.868468293259184,1008.9481047317604,2.8899202981747245,35.046824059816004,1
1.0123167692437374,25.472533325633318,57.53309382771387,35.136848099977385,993.011125496153,5.282435194982389,41.42152054098712,0
32.16161028349973,39.94249000315422,94.64620969863492,48.843740401233966,991.9959419901267,1.4936164772121674,7.019981047622698,0
109.74675787331722,28.523626044719457,85.23771421580705,12.829232489579452,993.6919199611363,5.712273973853538,50.65851137859928,1
138.37903953853865,29.02774048659351,88.29440661048632,53.891633397992614,1010.4955689355414,1.7032443962598383,14.08521212537864,1
130.3922519005201,23.272476423833382,41.08039333602727,14.34026045914246,1009.0520710672013,2.2942127883951233,41.29509201545847,1
44.85386189211196,35.89619097499859,97.76862142444156,55.51596724081254,998.180927721286,4.659057287587292,36.369559223224265,1
142.4358442695072,33.87364451562977,83.6002595242194,18.36785286031749,1012.3220949645957,2.665653278609737,77.73832817579732,1
47.449817499360016,24.41539225577521,58.285065723168,9.404104012017598,1018.7023625719477,3.8451625722154565,80.71071014000765,0
65.07993963185355,21.647620912316853,89.76367989153081,13.222759211436594,991.4552635946308,2.9451542558818566,17.034462474130628,1
149.29828102360483,33.60998604149426,56.891271904895795,0.15937081752562143,1007.4345480241815,4.5830346539938,37.92201636316417,1
129.92657980944293,33.0902242856227,92.36523037396768,57.49916942828242,1014.1258644235942,1.7558218880273597,38.58860978111951,0
169.8446820988356,25.465190539964187,46.75482342471622,58.59208392467033,998.830917447439,0.8215189298028236,16.838223505736334,1
131.52257846006867,39.0172712450082,82.22115864764774,41.194667993060754,1000.7719816852602,2.1496116861018644,80.24844349501667,1
113.66172066709433,23.021157835618006,72.44190859869462,12.909024084430696,1011.4773266046284,3.1086976567763664,71.30837617687148,1
18.734953565618497,28.64669602085204,45.792068211726445,6.68434700085518,1021.4277352705308,1.4241102870597322,20.657415057109404,0
73.5431606118867,38.872318403351976,54.51362969553034,1.5303173149829608,1018.3473547106015,2.4513850931101375,37.938747042192304,0
53.04047353634509,28.394546338522446,40.744242176638885,13.259854157217656,1010.4095576684854,2.699906600614627,12.368892435938394,0
48.79792867581671,32.77051895328171,68.12607792787034,71.26844279865173,1015.5577601215037,0.8156551402855046,63.564246515118306,0
194.6021109504891,27.951887959255885,58.07591564560002,19.32294733613454,1002.768786457273,3.708189865013125,13.894448605764728,1
78.61954493335207,25.4843040469734,75.90144905786553,28.341706177377255,1012.4337934834565,5.363888853842082,98.62154852524195,0
178.40931103542266,39.67955295919656,57.83426846251703,8.427638758506655,1006.3163556894644,1.3345860212417884,78.5068433194105,0
126.22772519945258,28.18668012630086,57.99514669041908,17.788904379853623,996.6477647760146,3.787944073708327,40.243377859231515,1
158.9622607083297,37.881984073582686,84.5915919238962,41.53796566241641,1014.560839585704,4.156065627009655,58.69926536337673,1
100.52741862103842,24.599092117821723,42.88857015870121,48.620214647652205,1009.4762623072088,2.806340742306086,91.31149798920806,0
115.38077692527182,24.262094080501665,94.17369971151923,19.628185133296885,1002.5517553683757,4.356036730503485,56.30172947879096,1
98.50353876377278,20.622681657690226,91.13583246347089,4.618572738009377,1021.8968716527521,2.7590234892005663,19.100851666999606,0
39.0485975596089,33.0333365075177,80.06828099358438,31.28262953019189,990.7326941239356,3.275505083875892,39.112928846953615,0
144.49042305230105,27.370526874475225,75.59329420644306,18.73626967410673,1001.0520602937323,0.5404417450493484,84.62819677291505,0
56.15447248817116,37.28716499679274,93.53814988837914,17.564313858384153,991.9908489222177,4.304460627740788,65.13287556698256,1
4.863193286290768,29.464198133831143,51.11981077172287,76.78902421707642,1016.828456067757,4.137384734195985,65.77098966471243,0
129.09445918143356,39.363868558294435,44.73814973144972,49.30403887405792,1014.5737608939827,0.711204825294895,86.94850559747194,0
35.42213588140979,23.71051031406242,54.370610194572286,44.55027545376767,1001.5973276557711,2.525375590673232,89.60935963132546,0
188.09171687058287,37.37246335911222,87.67469672201142,33.262008281865754,1013.6482015772475,5.884675124354171,92.13967203438476,1
190.78571540051746,35.53193705583483,42.080216003589,34.31554667441154,1003.8578029168582,2.814051094127392,11.295220938809297,1
182.9728780440897,35.41843689288104,74.96841010500938,43.27240030704647,1016.4688826997852,3.2606997282251293,55.32434819238389,1
74.03174005108887,36.89566456233776,99.7262509714786,55.71438456288858,1005.8964281957847,5.504615869878452,74.56993307939523,1
3.0913233057734857,35.22047981885998,91.34176563025237,56.17168769454636,1004.4297904741082,4.44494031726166,76.17883082244735,0
185.66371251754506,32.52440643262831,71.28674134261537,13.735512616435965,1022.7155470420905,3.7013857211832297,61.458187793060375,1
85.63682966346286,22.624897553647752,43.81845455719854,40.009020166130156,998.7807684961745,4.887925747375899,18.345158848000068,1
193.3309638087339,20.65052358982504,89.88241086314258,32.956647602728154,994.2156568998798,5.2540144655078524,80.1472142862831,1
192.72399541785057,38.41695695631374,75.93871049063263,69.64215730155074,1010.459008964081,3.012884394554968,72.57091068446468,1
170.601891093472,32.33300629041476,46.89597982357401,50.51351369747011,1023.9262634299463,3.113096007125095,10.441305611805557,1
58.889778413917135,35.93074581952352,45.63143708940137,42.600325313278546,1003.2243724804515,2.6232801460850967,47.45336281808888,0
77.01954572038505,29.630447030251002,94.57760916619554,9.23157137431339,992.1712867270073,5.8168837701015335,19.04978515313675,1
170.22733430337138,22.346163779247888,80.15201577628471,48.45103114587292,1001.8756843558349,4.334414398596927,35.072750479871246,1
63.384401031255535,22.50371584405101,89.75720795900534,9.376312454418674,1007.7076079011846,0.9577268641443977,3.7719470361571723,0
33.8985493372185,33.71130574457943,92.73873401693604,26.976526045260165,995.6673052321274,5.246277928221602,41.23232710425431,1
111.36025249167002,28.606117897989254,74.30634112289934,11.42735718514655,1013.0335776319772,3.1430796745994742,55.88793827330863,1
187.2309548321562,24.010494534006735,71.04678110530247,55.36589176194951,1024.921228615357,0.8781464853236811,62.71909409705451,1
139.2059593349946,29.83189093482874,65.8256446192594,16.50016910689221,1005.8108816593506,3.523444903398211,67.02205382261359,1
114.012234017873,21.284178741502682,59.01679526746716,31.34874985504208,1002.4154994855575,2.7944035343663614,83.95654868404108,1
19.435298754153706,31.639428038287974,66.07575765152271,71.65398220950229,1004.0246458392063,5.327621726744437,23.115364913021544,0
123.00144533983395,25.379868088701954,86.43277934380939,16.345310671917623,994.030116243832,1.6219703198516306,13.80721859896986,1
198.01077002085265,35.951182012743764,76.11540586090788,40.62440511670233,1020.9145760499179,5.045555352207006,85.45064284599671,1
28.016803047304805,26.207239178471475,93.55139739729077,33.54173289328176,1004.5188979432473,3.56728780151999,17.34805585947969,0
103.66593047274735,29.104402981636024,66.60280086275127,1.4499232836583786,1003.5546043998694,0.8003566676740798,97.52648797094714,0
175.47461438559108,20.232410798162014,76.42537472312524,63.42064908582502,1013.0891595525666,5.845149157290166,84.56874648106643,1
148.15372355084088,21.448937755891176,77.87845318551932,5.523672505167978,1005.4711697325894,3.3193838425675994,51.08590737718072,1
139.4031481990536,27.849871128133696,75.50182973837954,37.94040167815629,1012.6881714082746,2.099822698273704,98.17929964235847,1
140.49681679742184,29.59877669434247,82.15802638513098,44.854263595115995,992.1506201545776,3.0817376309409195,11.542919452584412,1
71.89823024395103,32.00041096238607,54.246008102488375,50.27411652916697,1018.480317030278,5.218217809346189,31.70044459515996,1
58.71836885289867,25.833251574186065,70.74182665274743,55.09053034463005,1022.917638350779,2.1769671841178493,64.54599267397992,0
161.87223109570272,33.899637722530855,46.25348816850086,20.261790681817207,1012.7067885155785,1.5597201806768517,36.30067311037152,1
162.02267893583615,37.202447943784094,63.07067965868875,0.7983021326759498,1023.4098075100584,1.209891858119848,92.9805100941176,1
173.41446371602075,35.597019777867,69.26002411727586,57.875492988392956,995.3001310029487,2.138226691146162,8.43135664142612,1
182.64811051129425,20.792376506967145,79.13345557272835,42.85252794780629,1006.7095666318123,4.790264478720239,55.842359541974524,1
102.26847977218756,29.610138945156578,97.0318631551722,66.8894162565799,1011.0632356880907,3.0939450085739395,59.904894204721224,0
100.30325893743992,22.098603568363497,76.03906399290136,65.71106903205555,1010.3607826597415,1.7511488203144698,65.96735613016796,0
159.65903579335503,24.84090031725055,84.61563497059359,67.46609342303066,1004.0511622681165,1.4140174978536206,27.055289886517816,1
129.99278615555303,39.73325186534293,70.37596356971217,38.80757279836321,1001.8329543278192,2.330012120807085,37.727509896946714,1
140.39337545154066,22.849910858030263,78.04624188257988,26.69027166694925,994.4388407892646,5.669584050871399,84.68069190716781,1
159.15853388722022,29.97776306902712,44.25593296802641,63.3246562073096,1003.7109857696797,2.386646919245134,21.104391359075663,1
178.00106836351327,32.36311468636238,55.26349485051082,36.1035290423404,995.693128528692,5.934682417750494,83.03304902298947,1
67.59903137030716,34.04929941088208,61.711185592308325,14.67537571227476,1015.7027986772276,3.168767506709459,57.14023144446875,0
75.1165905279888,31.192973669738283,68.34960130039082,68.39792156491795,997.3090827423107,1.4854015505958298,76.69437609702005,0
18.7963879681738,20.195416948383674,42.738924730143026,70.60479014178779,992.0497856849587,5.401270504864302,71.93352189382021,0
115.6560281992348,26.529226164879837,48.401445853199064,37.304780491213606,1009.3328148236033,3.031954552241548,22.33612654771814,1
7.188454759348417,30.35423286769423,56.60885846747834,6.055978184782997,1010.833040645179,4.403192389274885,57.74364817051954,0
93.11960362649204,21.757329982896668,98.29196145406304,31.0260871933545,1020.5169571448176,5.910413707650335,87.03686897489905,1
108.52892694151532,27.012538624183616,59.88082042618305,64.28301275700827,1010.1943564346188,0.775964426759857,44.34739120658907,1
57.30825042565688,20.664062175827333,68.92246348672495,72.14192228369829,1002.0918298803206,1.0318200788316192,96.72589548188505,0
118.16665211380214,21.571569943100414,51.76586276430358,16.27781939980767,1018.1054158534212,4.462512078045159,46.31707980996837,1
6.100049987809886,27.93846552403192,76.64680426454609,5.357888962021722,1008.9097612615598,2.0500375181250963,15.992992393452699,0
7.469637749842883,22.654315080861206,56.84099293095846,70.18803625062709,992.7748099620917,1.5136576832255448,40.164598647611975,0
164.52011213193165,31.35081696523116,52.419554706305604,31.152395118310025,1009.8047696109636,0.7164903390085122,95.26683582627264,1
72.03812828225257,33.78929938274531,70.99435770675875,43.34087714140506,1021.7806490897582,0.6201569159241099,33.33264323530571,0
25.412102530376956,36.01173398218165,40.33034794962525,77.44526496406071,1003.8709418924377,4.75967081715885,87.07361966697216,0
104.44865201096087,24.0030048848962,40.45984195895352,5.325178233137828,1000.371403066493,1.239383850532525,88.3625668048252,0
153.99871061972217,23.349651645181396,53.14412854611147,51.865440596167645,995.0214309956307,3.0724633878413297,36.31827938453218,1
43.164205499368634,22.091356806688005,42.20328175004927,5.928433805989366,995.3005932677376,3.832432483487157,10.159250488961948,0
124.57809516380006,32.72860499087273,46.48154524784148,30.037514277320028,1005.1470019519637,2.8559349031286545,73.00667509756418,0
17.0694929987536,34.129514529738024,60.331638960325094,64.30516361547573,1010.8487938456535,0.6490865878492821,32.528205303370626,0
10.33634423372154,20.63172289651284,88.15514077478878,34.67777862045075,992.821539180936,4.809258264233499,78.7265141972421,0
106.2709263136296,38.7242449248738,74.32291860215804,79.77458831223603,1022.8849006158808,0.5578227349790942,45.38017512952244,0
108.1270243220213,21.03942567302945,70.76006355738498,44.724742795728176,1016.4296766105819,4.690394419076162,49.55614074957691,1
127.48598029964131,30.82592670602141,57.6093293924873,25.692972210876277,1010.5318371399281,5.413174715834675,78.2351218613566,1
145.21826674453231,34.18121038901833,95.90522316596898,17.60890607238025,1018.9953534828646,2.8806195658144476,39.47160644403954,1
195.17041589250692,37.41938247492171,63.8209024742315,28.041642742892947,992.806536488424,3.44548360203789,45.42647984164562,1
103.26006966023907,34.281738642648556,45.22556600774629,29.802661900764065,1006.6893607206594,3.1234086593970956,38.86666593942297,0
64.5912945882492,36.03456166139584,77.02399096706807,5.497094217916878,1012.0532594401582,2.6406474024289133,37.99937049717344,0
159.03723895374074,26.78900385085612,46.83030360859608,29.565935954141853,1019.0028517141401,5.380834944536981,53.54276453634302,1
54.16645025241485,36.29650227493025,60.71338856810152,37.139081579137994,1017.4214346017244,5.416634308684948,81.26234556111277,0
87.79428414112722,21.6022969276935,70.44471632306853,57.81902017910437,999.6974237399689,2.34699000552844,37.45329456841146,0
15.69127626845319,37.89633312121055,92.45335148111054,52.53835877772864,1022.9308059345722,3.8828836470808388,53.37696261269819,0
5.070148683091502,30.951847523074726,69.61279482040712,56.70125241833234,994.3521044500804,5.597991591802253,67.73127789337488,0
192.52968293558502,36.345955399249874,82.13552596189986,0.6690945501485679,1020.6296766517403,5.791321744177433,28.405065737758193,1
167.19602410244116,29.046365690366002,99.56901033994421,17.413391966442884,1023.9829087361617,3.2992747223212615,29.197234880434472,1
139.19484121873958,32.8715539039305,47.8893471938789,52.93474307198852,996.2003733127918,2.9905364290637975,93.47448644829858,1
81.79058888285398,30.528053218722263,56.48389153117117,38.719149454379775,1015.2723122471325,2.032818737606892,72.90638818644669,0
34.658864014169154,34.63179043510664,63.674564535858785,0.4250780534676757,991.4099931572299,5.773795302547255,58.56429426988427,1
31.28740853421721,21.63259964061179,65.30969071232988,64.35957139454578,1004.1897988798704,1.2854786746007705,65.47656533321998,0
50.048579632919065,21.207041679811276,64.66126451593274,61.82476586322699,1008.0699154719186,3.6890626682624874,4.871345424135,0
109.8453329412241,24.94206468020293,94.4566601533933,43.87353303948501,1010.3225829068372,2.054026471352514,62.574090625046296,0
142.91918454001248,23.190893602263767,82.84195866801139,5.31706606210177,1022.7578036886996,2.0345455969128814,51.93186957597179,1
132.03947534354626,37.435671331844034,76.47431284544223,61.32120396260677,1013.5287740552968,2.7273272305690366,55.4834686183847,1
55.98677938918857,24.384279747160885,58.562363071766924,46.697087018509116,1006.8447282926733,5.9933611469861,37.22353502942008,1
190.97305613263882,39.51730511638263,89.42742305327768,62.55679817263673,1018.3386262693061,0.8023146876190214,9.984441975868306,1
147.5793833391537,26.737915835422136,97.30363068909934,60.13975939166723,1023.2686487334043,3.681980000119423,20.947244893981114,1
110.87081050228014,23.642358313773986,89.2718969530136,64.24016575662696,990.7723152038802,0.9541468691940245,95.17298189484183,0
122.34414924687044,35.79397014284958,40.093906311488375,41.44064531236999,1024.3882445289614,1.3498645649478545,42.052557102551525,0
83.92001248555798,33.17415551001752,78.18408221100442,11.2259614554812,993.0146248672288,2.9175961797509427,47.73494927142469,1
49.54619790023149,29.96391432906278,43.06812288652604,53.692597870375096,1018.5035372744067,3.3075307224054273,7.165559405637021,0
71.19453573025231,31.107271018752627,55.456433220023314,49.63790280415765,999.8117163392994,1.923358246004882,5.681490495310098,1
151.56922209287382,34.384035565445274,43.5714820208663,59.380254975926974,994.6262880213856,2.240514219809289,72.28378181058225,1
2.8786977259511737,24.569094826625975,76.22772717696327,13.590480484058824,1005.3949473899842,0.9783186114076319,54.733277083868906,0
23.214528101383248,39.92667832113484,81.1953948095564,15.598015992023138,1012.5384802806665,2.167708811143378,51.853186453194134,0
9.20052840435055,39.49586324293566,46.86925828395431,71.23276137754628,1003.3333145758216,5.816071416592992,25.826203981421532,0
8.145760463794026,33.006513726938735,63.030332982698766,59.99822387616567,991.9097892898944,5.695890599198649,74.98557169973238,0
171.09211680220145,23.990849018582903,67.37419053733252,72.65827909602584,1010.981139888055,2.3418305957534176,18.487184752632203,1
140.73157187600472,33.60456484862583,62.14318130565499,60.69722569311366,1021.5841146638736,3.639696649533189,20.613604878779963,1
94.83476581746504,21.443968179583518,47.26150002911158,47.77242447922415,1003.4125378081538,5.502774651110194,47.149792792130995,1
19.566832130200297,20.61305004411612,65.13686741124852,52.33061896222989,997.571647217079,0.5340110245249317,30.05542648697021,0
98.32317502336647,25.153657770224275,85.07068286850509,71.13023391520079,1005.4902071076485,4.9587596368567555,26.251372160848344,1
94.69435415611314,29.252459134786328,44.26045987199533,46.304540360955244,991.6926948867074,5.716032540339055,65.23328916622651,1
34.640373982003034,37.36545010816761,44.810800844914205,50.59130594627099,1018.7170654568096,1.002291538834564,65.79523103141736,0
86.77032984759461,34.543381395326165,61.28627751015905,12.518137280288046,1018.9219283832565,1.3879622731810657,82.80267284039306,0
79.70094687947469,34.85413042399962,96.5035426971355,37.91369760928822,1010.580016220037,5.784104665242455,42.935439563351636,1
123.17001961044329,28.50986668896151,80.11435880337484,57.31176895664792,1002.3586011128436,3.4564707900219047,9.162338920562723,1
127.01873017352877,26.91869985093926,80.7201974003539,21.675415865309233,1017.9924177556024,0.5780814895944804,28.81930572230285,0
9.060801954408904,27.420775259692054,61.715199450271896,16.180334441962792,1009.4140458675929,1.9169759931994104,98.04053539328805,0
74.92252292529425,39.752991274721154,75.6196474725123,25.106144657953244,1018.9076307992506,2.974690208478728,60.43334037280481,0
125.17198314284728,20.80218382824965,40.6078710416646,19.320050239426678,1012.1010577404057,4.310999010636222,71.5542343105,1
100.62725171601754,37.34062992244897,78.16576278457254,17.193010962911668,1017.4541915624479,4.532382079752398,2.7210673032906243,1
171.29796823766446,31.57350817144787,94.7972168545742,33.98806742944696,1010.9497047626216,5.974818321090009,52.78416175388705,1
131.738726323789,28.77230838379181,76.75440810068915,72.62708111068272,1004.4949373875484,2.0813115966106746,5.677808438116706,1
32.58688541628594,34.50515320830273,92.42191560798071,40.564771739097466,1023.5281050974148,3.460210560276614,57.784560784961904,0
14.113749480085968,29.733378828494057,83.43838332796562,15.033630465225842,1008.9389838707596,3.4332795132278275,92.23554326433539,0
128.48385564126312,37.468464761633214,47.23350498422141,6.157733550469926,1011.1781331489188,2.731048926959806,96.90507478903997,1
5.302262108324363,38.01403728022517,94.14719843715051,55.692491611034015,997.7170673795163,1.430390416133311,54.97416218811457,0
117.15511625469266,28.434418537469107,43.986630661346496,30.623901154911024,1011.8977776299547,5.876011097511134,46.90407091471717,1
188.0460482849915,25.536555944701032,72.03804835286583,65.74647572682875,1010.006267731903,5.1932445266662235,94.61167523635241,1
115.0948355751758,31.847006571867244,48.52822742760746,52.760861491261615,996.4693439281459,3.2408316556183046,68.01376353567612,1
77.63398524130439,38.24726691233382,40.70239664385424,63.69931604330948,992.0855484073601,3.817849824762164,8.360129394764126,0
128.65764368847064,24.21324378011333,65.32205560765834,21.7556831534759,1011.152576190017,1.7499357945781426,47.64110661141476,1
91.65057809830333,32.45933167126965,57.702442459249376,55.38871379688465,1016.7292294272612,3.490828887154608,25.544011809501782,0
109.12335786318698,32.63120440185041,69.16002962785618,21.124958775497504,1008.3190479822703,4.322335732168117,48.04082350197079,1
188.29296175530504,34.66226044830562,74.63199320407304,75.12547835602332,997.9370418861876,3.333418656126238,46.63562605662345,1
77.22052756015485,22.631353702545198,42.624344338536844,50.90994252266995,1013.3282691842562,5.946568438217177,59.05019067584472,1
192.23811276478284,34.31649929364177,47.38019770742474,25.96094401402737,992.8037004313361,3.862379109362494,36.96350805422662,1
181.07012839121273,38.18065041331282,73.51854378702552,21.560948983381813,1005.4641796680684,2.5403554192569295,18.09850404668095,1
39.158226957859284,23.593662177404838,60.59004119035949,15.27412680573148,995.7178365439447,4.74683615188711,51.364504589815716,0
13.872260175033091,24.750866498477553,83.75040925296688,55.57127671149822,996.4560667870959,1.4375438136990313,83.35988266588468,0
20.15560027548533,39.42790188083279,79.13749891551637,17.497249039834184,997.0802882205371,2.614836975384466,67.07319835062502,0
3.6443651303099456,23.619539054189794,90.73626177939441,47.62426127419913,1003.5347469965392,2.4082742270767223,35.16005086067115,0
18.88859215118568,37.08770186739159,81.54956960015352,21.170802154028586,991.7902571967139,2.874939023092775,93.681256230368,0
136.60135468327138,29.845557128960696,65.79586464340889,52.95751558350949,1003.9227704325184,4.799789042607995,91.39634198241986,1
14.237729692045797,24.94462148806354,80.37799734366595,65.19517828324314,1007.9097606490145,3.162951676898741,22.51614313964168,0
63.79512605875226,37.41499802545023,56.52287045532511,62.242019451572254,1006.9152999738213,4.867079476462795,5.862923341795572,1
168.97506219389092,28.90610510005331,58.37880992669276,60.868106474462536,1003.3974435141064,3.670688967269262,74.6482534183747,1
4.654387147165173,30.296347078593804,87.3391095952476,15.017792455380166,1019.3701312824763,2.3813818906165545,83.10580561221703,0
162.89369651778716,27.18466738799531,66.78517098409493,7.070795758761497,995.0864342347177,4.954883090259099,96.85072746323281,1
56.37095495467999,31.85901702869855,87.90282043110115,55.915906278990846,1007.6993860323481,1.8105931880420036,89.20396662065446,0
23.63296552433125,23.270477451700454,89.3453424200967,29.467777103548105,992.1714495934795,1.7341063888988753,60.852407284228654,0
139.34743307283014,27.821630733035214,91.45374025967703,34.58769811226779,992.4904487607268,3.2747660823015967,53.94512924281332,1
125.7885693559768,39.38824644670575,94.99811415047245,2.491927423471285,1010.0853047386984,1.934670852791489,4.728423023733456,1
175.49440270541058,25.16266865402255,65.85911323079777,20.766115942003935,1009.8106448710737,0.5499786922316898,26.172331790788228,1
147.01420876077717,33.13473329082584,59.13200909926833,2.694112309957122,1020.731172949556,4.065636400143408,47.04224566982679,1
160.69618607696972,26.503801284493896,74.93192479564684,70.33486180809982,1009.5255786481025,3.311016018098189,63.593382208189645,1
56.406914514261295,35.46946251373201,62.270345406257654,19.471734657482436,1023.5926857141698,2.9503479797123866,56.610679665204245,0
35.48790875594457,22.617473214366996,76.06445000801398,44.586973565840644,991.7043196939975,5.818326830400735,74.77832698880567,1
150.12295032817167,39.39642090157089,82.33515175862948,3.118345652890433,993.4302689673259,3.6415955117960253,29.417159226930004,1
161.3669478534528,29.075790827672783,81.30430110952821,53.34779130445264,991.5423051549634,5.2488736778416145,57.36535554994238,1
198.10102840013465,24.72100926692928,62.47317322120728,25.84218766032751,996.4846897616738,1.2669762991283808,10.63793985229763,1
82.5235353822853,21.469934946600254,50.01161210192517,71.83353495661326,1008.9444538829588,3.630635547211852,42.53922131115428,0
74.40361715855663,23.395158101750816,65.83176030773245,71.04945511472286,1012.59502634996,5.273887947019966,75.5157616295509,1
155.28259214839937,30.395478971120355,48.55564864491453,26.023249468939824,991.5954805282034,3.707081665039439,69.95328363604631,1
68.16070805060357,26.740063528625726,93.4058221110285,72.07687165523743,1023.108981144596,4.449077979698508,99.08298824287354,0
186.15146512071294,36.577667317652185,60.75264764427145,79.69261387990231,1019.4757881827634,2.5462396229671405,29.233330346800088,1
171.68255036860236,28.617750473236118,49.267584833399425,66.03325312991585,1000.3814368754983,1.0084723437038663,50.82255131904996,1
85.79880547500368,24.9742854517526,41.526865594345054,67.58970782041831,992.7015635579264,3.0184516231988927,34.29398054985168,1
150.17421355829947,32.3428997320806,78.74934317718905,19.920698888727195,995.946047562667,2.6696366496137163,45.17910517779912,1
150.90857481693646,34.135544337708914,78.21413904728459,46.1361919086205,994.443054481424,5.268831003084211,85.98111272720004,1
20.62477376718652,23.340838158018997,60.4362499948775,5.380473117389428,994.3149322754631,1.8419741629385973,69.05248936847168,0
180.51058133591334,23.35238432576635,44.30271333085906,7.593434945733577,1008.1496591033007,5.817038251443094,88.479236752063,1
101.05047448957143,20.73342853867086,64.57773369371392,79.91140896266324,998.604660487269,5.769759658924729,21.944088616524873,1
165.29149322154834,34.72804030131281,58.67304970380361,26.131139954072875,1002.5348900785201,1.8619740368929127,87.58938954846093,1
64.00992020612235,33.2760905524361,80.62723838410056,59.85471296390771,1024.6326866684512,2.4142857551252628,7.856702869481674,0
179.1046456992401,29.492617514996276,76.34675496716142,64.53320424214532,1013.9509987123871,5.425556574806367,89.08272948284093,1
77.84033574683262,36.883408979383944,61.8756236918524,68.64186168057833,1023.2143233466451,5.816422214928592,34.249230387151336,1
2.167530296059672,36.113403059001065,53.0735532552994,79.81026379217252,994.989479426159,2.938915065598242,32.82958807457852,0
181.07639528385272,31.707087287935042,99.28215796933551,19.319718820549426,1003.37488161914,2.265483751024938,52.184680516469065,1
18.25733535722671,37.36542561026518,67.2400972717669,3.2280661487759765,1009.4156131148824,3.393517072883481,94.18763839687671,0
63.86272751808298,24.116824200735365,81.29645414681423,32.89532143956688,992.6865321661058,4.282730635011541,6.682573738777727,1
190.012393410161,22.23839238795456,48.43317805470164,10.406453586315756,990.1465605269785,2.0041098345623887,36.51863555693304,1
190.12142938751123,25.394992230339792,69.13538197956387,1.79407113296441,1013.4652016828921,4.5506024604049005,85.9440548909669,1
114.68757762465722,21.141737121786296,41.65220319216793,28.83414617131889,1012.4636830880503,0.7841154641305257,40.81333878867574,0
126.36744243395985,30.62339056002064,70.327307074627,62.69906008601892,1004.3776083499864,0.7711197102042904,21.517375964512567,0
89.68910439566396,38.73211384589923,97.84104442706214,45.29445529800567,1007.1375426611212,2.6245823783004987,43.62982977047835,0
58.64215433961291,20.786870813370193,63.05240277914801,25.022239136828325,1004.5405050207231,2.4441025563339633,39.78414514618359,0
65.7329090739832,22.442198280200536,42.3397607544947,52.34736043941758,990.8401765695711,2.2359826845193376,91.71078774373694,0
134.50369121540768,29.043980565668704,41.857347455160614,18.561454424704856,1001.7380062176112,3.200608694679005,76.6695688228235,1
150.474905887536,38.6775003505581,63.27920559681217,1.150515685766802,996.1978789389051,2.2640347027136416,51.50132446291262,1
158.3158087451697,26.32312209953501,49.60149618779164,61.14827091491419,993.4448466185479,1.5574185515745056,98.86031553871396,1
157.92362855891076,30.144696173767848,41.40112577969116,49.89944678912073,1023.4852151861272,2.202082519987305,47.59719806504049,0
18.241220609738072,20.831457181007842,85.37281683701062,60.9842099600768,1010.9775903764757,5.861973500456292,7.7073074203869725,1
98.88406094051629,22.966864019241775,67.51138053291345,3.115041335013249,1015.5029699482811,2.7611237934716675,27.70288353786852,1
11.511752003328857,39.73260245917694,57.35468631835927,66.96957022645218,1001.0377310143141,2.945920272720847,44.734907061492635,0
109.9057764647471,39.30237392872091,94.00499098098885,49.56209600290427,1003.7601495322905,3.67099744473127,17.37645716631977,1
88.3061002746754,20.098799618688194,46.96833761203153,45.07162805701121,998.2923397863854,5.908374226278246,94.86138237975621,1
177.54083655165996,39.03623570846478,97.35512973731915,49.96912384916253,993.3937984837899,1.8288070203966966,77.15119198614177,1
70.18300251041573,32.78239875631001,58.83800304264117,69.15465974946913,996.2661073104555,4.247051607928386,28.29214564192172,1
23.413403285521174,37.35836589040044,93.30422033852088,46.95492052471256,1017.912991585377,4.437915814479483,59.898844284755754,0
28.59833641056717,29.09479711267718,76.1765725887677,46.476030391054344,1013.7141031814322,3.8402842923618628,72.70201739673806,0
152.30212634349445,30.311920571585006,89.60244158448924,79.25433256526127,1009.1425106594917,0.9871808680015424,94.24533503286621,1
123.64361266325221,29.776931605138405,99.04078979262786,60.53841336548544,1006.6281455503369,4.222797517051671,88.40026421919025,1
20.22453522455805,33.337285150922085,57.30432626912474,35.383504436090824,1022.2851999279644,0.8525209106989651,52.48883816154494,0
16.821361222999485,22.793025095126257,97.66812912445558,56.59176000263422,992.5457231722534,3.778784572524433,77.91595673971572,0
140.193826291824,20.59947179745356,63.36891369414522,31.13843773534308,999.821028463327,4.567696474719584,57.09018587510333,1
14.552601272838706,26.158598831823817,63.130714284215344,18.31003699867992,1002.247824874975,1.6603343984097272,56.16498122446293,0
164.37201185807123,34.09361525473294,60.42322625527034,47.74815015102075,1017.3849034274476,5.128921041485257,13.244711917142805,1
141.24844543129925,24.037069042458967,72.48445644085511,74.25456784911611,1024.738011705669,0.6669459304315235,14.361490485582902,0
16.269756128379953,33.468648666498346,49.24870259070923,74.33116160123701,998.4234680165004,5.140970750120683,53.89429427220083,1
16.967542817038385,39.398240922145405,73.22268912148067,27.352422248439225,1020.6007566947978,3.031809778535208,28.34843140794265,0
197.32791570023508,21.878014315788366,72.50228874460024,42.214197297735595,1019.0717966151127,1.6967336696240447,4.061616441125926,1
74.85415915122407,33.452042364502525,85.7141087562922,16.930871885588896,997.8630089174618,1.235779797466824,72.83824198222081,0
74.12842941337819,28.875004386091423,90.01899771625514,79.65048875991067,1003.9766403069727,5.743189421703049,5.183686475636166,1
162.5599134515005,37.362845087550106,66.42648101874545,78.48943262943486,1004.3385504252382,0.8996607316963618,60.33713042819735,1
189.44971547677173,23.542995788947717,58.13999496108963,51.96071437659579,1024.2377233984296,1.5950138096475912,54.84099182447681,1
197.2002127645742,33.85251904452329,55.56009383902567,64.35312477419787,996.3312165482614,2.413022910881753,96.94383967662483,1
150.67563705178833,36.76230579296221,51.677430202292314,57.208012902696,1017.9705289886674,3.911291669286163,49.45288765606888,1
75.25191710618316,38.892284389480466,43.458854931941495,47.452657523157455,1001.6967449960589,3.496405969018541,8.232940765024141,1
16.700143339733753,33.66496056579292,60.546878730082796,4.267839759111816,1015.5804621021656,1.191039208267727,56.065420845033245,0
155.42938318548735,29.94349528016855,56.21486152784699,36.38114740421288,1004.7003851503482,2.0935039105601803,84.42742472037794,1
111.68084994716101,32.35694480402428,97.98504315198444,53.98290417339284,1010.2425917090789,1.8131347409731324,99.69122985958111,1
84.84440184939525,37.37809968957436,73.46252957500263,54.20252911069477,1019.1414120664145,1.6744856996968775,44.173631021529104,0
181.2708770189472,31.412194932776593,60.83662234183045,29.849809473790685,1018.1457947744359,2.761293850639929,33.389276764680766,1
22.239496461230267,20.607741193936736,74.82805605962176,75.33535893264245,1020.3248114238895,4.372172989254112,90.8520231012959,0
98.52502085817183,38.61897391013956,48.351802080741734,13.38856257894248,992.0866063870631,1.6959911271947976,20.741728649459894,0
2.2707289534838138,33.790535020631225,66.64262495213217,40.02875569724485,1014.2217693563911,2.516733838366398,62.31203367322681,0
93.73212839882525,33.53026771554493,77.57405928526383,55.27071812406582,994.8995581852618,2.6500458476263926,41.76001356973288,0
11.26065513636747,24.31350304795434,69.33386990754708,55.77086447134474,1004.5536498806443,5.870510911894756,6.026071765644418,1
23.763583253614385,33.17770940465314,64.10672803925945,51.89111654150524,1009.2005945269141,5.750664962834879,36.03427048195838,0
23.505249355420975,27.877288113083168,99.63090333398189,22.023057076148813,1004.0958819661391,4.900756705136417,27.99239520526211,1
129.8420604232127,33.024659540829845,92.81888572893561,12.496525494929758,1008.1864086531052,1.8291240645055185,69.23693308646172,1
149.20897585308467,22.131860606159815,77.40435748956641,50.87522614613687,1024.8784208079517,0.8742052275041833,94.98146877380798,0
116.67375301943193,33.15690609206072,74.16264167093696,47.94416929115502,994.7326059799499,2.242972757463436,28.2686243631065,1
192.43450969490837,39.98827451541333,77.23962878947503,14.348480823139278,1013.6409615867749,1.9673700218860697,81.5236620368648,1
74.97411590474081,20.96424077721112,52.078726469345995,56.41113164564507,1003.8600338234966,3.2825919008051665,7.425262059964133,1
57.14241725637215,39.54348368442635,63.70826459585912,36.413759338692515,994.6553429617566,4.777503505372862,54.73585898390169,1
173.71982563789206,28.13815921445741,42.36757197345396,53.420847328252236,995.5557867181009,5.220776163833719,8.91390624356967,1
44.71916770389053,37.415069006745185,68.5327622492096,66.98936638161206,1023.2245587185965,5.146752469757796,93.53523313080265,1
192.64450788812226,35.647709681165466,72.5814750374598,13.578274286153853,1020.7860523849117,2.478215586726873,77.10242549462424,1
2.4308949379632683,31.340325219733355,53.664984166192575,1.5315894397469343,1021.7464686145257,4.279788889033756,66.47909129805005,0
193.97576534152782,34.76898418502653,97.84173082993082,62.328206911662946,1024.7036471539586,2.22058808638321,82.7418453992171,1
8.631982390115223,37.57031122602696,94.56727665623453,48.775794012209275,997.2910386502981,0.834980487793505,65.45693996587599,0
178.22862273961422,28.082806433020657,83.32859412735435,55.97116556976974,1002.4403768077422,4.358608960816182,96.95655092308053,1
105.54022181725998,26.540663231264773,72.00319772592175,67.0523979990914,1013.4226660473703,0.5540515391338332,71.96787889074761,0
198.59295922386008,33.351867711271694,92.19814957886109,64.22487478596004,1006.9330888951226,2.750504231021687,92.61654373906018,1
14.759312947079772,36.15691883882517,47.83914062940777,76.87361175430597,1004.6436336682417,2.3115859811614166,52.67892541704253,0
110.77085688026416,35.245702695532316,87.4305876564931,42.874806308169454,1002.5233937267458,4.313576461853689,13.47231247222254,1
193.8605071238198,35.95627297717269,47.489248838010894,39.07965061279243,1010.7823221180208,4.7143501001820844,53.76141669945568,1
104.61956883402976,28.71166629625866,87.65263975296432,32.150975991258406,1010.1457700024029,2.1725204978420614,14.433537150183144,1
125.8797276270525,36.35668432350043,56.546054095081416,12.295283427536363,995.6510241922484,4.963948579446694,60.0643609592877,1
139.14973779692343,22.404181107412168,92.62543486109134,45.8085786305618,1006.5108943131454,2.1165421827771356,49.28431993171097,1
90.90821295355465,30.88978195921699,96.64252562952387,22.1610019460783,1009.3715121673447,2.9547949799260866,63.01238898761261,1
125.5116160168127,20.115173209962432,48.92775816430694,73.70460097703804,1009.9600428555987,4.4986018985777365,2.984604143373496,1
116.86286238462004,26.491716598005404,67.76053630392362,46.655264342167804,997.3537517519324,4.311061260736337,21.094368182225683,1
180.23160209819778,27.32923069742796,98.8592426897611,47.42721444064881,1015.9794987288301,5.9305265977171,50.150382327388826,1
9.089276068291575,27.923453832185107,69.00444615838879,28.393972870160802,990.8819683187374,1.7383856331876253,95.14934903573521,0
56.19263791844607,33.90934413379725,91.8128513508727,4.159148158216599,1002.4191149440107,4.142748524467703,39.59368595480552,0
190.08229681531174,27.771162025406916,75.32389132787918,2.5395012298390895,1017.3074426987472,3.8532504955167757,43.588458553256196,1
178.05275677818327,28.973872452450614,62.51979447517611,33.8668115322558,1009.7362522369391,5.533041499695164,72.04021672264898,1
91.13135055714258,24.75088261748655,57.147013331552216,6.765230247779028,999.1406851378802,1.3599917790468128,61.171690214039565,0
124.02651956030735,27.4650358325868,52.193385465165235,48.54775644321113,1014.3233591770066,4.634889899728131,31.294762709636657,1
55.476236596226535,24.545392545263027,85.70789148266184,70.4778404511726,1009.8586830454626,3.6254773894782257,42.26000676560792,1
37.62423194475226,21.46391847536887,63.19243040938167,70.63318532149778,1017.8685263309735,2.01066228383348,23.33458028800878,0
92.73968098799644,32.06897186762756,70.67652773204507,52.72363281057859,1015.7258815166438,3.1093920278094576,96.67010299476044,0
70.67044560521056,33.36425597110033,69.53952880007091,16.898546517834482,1011.3537772712682,2.3357712838838878,14.802169392621254,0
116.73122237017441,32.38980692019229,74.63674175398788,69.03974650870977,1007.0862186358785,3.686223715336535,38.440004887509104,1
15.546927392996967,29.26988087601145,91.93462873747313,70.88747482505666,994.6613743983634,5.3895033594806625,4.532219277561097,1
194.8789615332333,27.595715603584594,98.84436061500577,15.732286796236696,999.1466556259884,3.631177414267111,23.734390209487547,1
197.24214889592056,37.26667299143651,64.45505251442901,58.99408686165418,1004.668481552098,3.974473300796212,78.48617156125518,1
139.63234280394903,30.38163570272436,89.65113532637818,22.921563914169838,1010.9754750452236,3.353113159130902,21.715172764310186,1
107.21927326882408,29.58363755259462,85.87166767928306,64.21122498823438,1007.9797749325356,0.7814102854501175,9.846213447838629,0
61.90552325726555,20.512841316128714,74.41173708733439,79.77903199228821,1000.0864584085836,1.7807220628185183,48.49641162476328,0
162.75900394138972,26.824956552523126,97.36282861671599,2.402080426351425,990.2262525226399,3.2060095118764553,2.9769850039828123,1
136.94623451077587,27.60391237571714,52.02847093170416,71.78926926327455,1007.3683727665285,2.2062940605958765,10.307083133780651,1
32.52338786897826,27.976455617938008,46.55585261857728,49.810442687892646,999.9969095996785,1.499699787686568,81.14733521717156,0
182.1854368987685,31.603447384546648,91.23771801732534,77.8706095331857,1015.7112905248687,3.272730630551411,77.60438779624143,1
164.5074485846338,30.67205093453757,66.3489889980249,37.20076140211421,990.8381192844669,2.2754538639631767,91.68360439967981,1
189.9599826583848,32.15810185586889,90.81813125242363,67.7910344457099,1010.4689733957027,1.919592037453781,85.74251271925345,1
145.143901677672,35.29766523084257,93.5854123117249,4.991525487862178,1022.9515983127123,3.0519197959220943,68.95120519750218,1
122.68303918715797,36.25971477432187,43.74745561714428,26.822324006263656,996.1043243489025,1.2330634194519523,7.128620015464958,1
83.64860725812377,34.36246152452989,93.00788577916364,5.361323020096798,1006.5077321762708,5.60260153191474,78.71916456269244,1
186.54569667080264,39.110473919098695,66.89914332216533,78.02745067832564,993.1997697135998,5.272361538555814,84.86005946237492,1
173.21277790008168,20.364651653527233,70.62594934025392,65.35791258174694,1011.8988669291473,4.391913221572944,80.31005028565154,1
9.043734021237881,23.915559713670923,77.59555066559261,68.20379369967765,1009.2686088208679,1.084176051736509,51.830945460186555,0
5.273394899450401,20.151257499562842,95.58295640380521,75.03721851471154,1004.2577933474491,4.767324899583311,24.824380187649204,0
75.29267337560992,32.94949428309206,41.14696566578584,6.808278889582828,1008.248195751581,4.943765304599604,84.84233761749522,1
162.1106661563666,37.96061097899974,68.61060809906903,30.847807401066667,1021.3801130464153,4.722705397428857,73.26195535453357,1
197.4552258629889,24.869645931525987,81.26332254583363,5.68279112352017,996.8703005808874,1.1268123791558264,98.11459509010746,1
30.083378220705637,38.54069089592613,83.3624174618937,16.86344812400229,990.7897579096872,4.041493763872706,17.257874580081427,0
118.82614307042702,21.205347805791217,81.55194589222648,18.34926216301379,1020.1582709644686,5.088786376621692,24.115129139101395,1
76.1781713262043,38.68872053611028,48.06610776448731,37.528576883806295,1010.1990978835768,3.6754437067081724,22.756218688387264,0
193.98287956292063,27.03245374479269,57.963735302300876,21.48497339629141,1021.1730459411644,4.05524056375449,79.66889722689099,1
168.42378462714174,22.02841656898433,61.52293152502081,8.078248545420887,1010.893082819461,3.020999136844684,20.31691505211158,1
167.66574094222756,29.717435183726515,88.2662324607703,13.399287127528616,1018.3556381485896,3.4078902593622895,8.532663322683998,1
93.73863195899406,25.13553135441016,56.72559234487318,11.782045084167274,1005.0385677174302,0.6890727209344887,99.8589590453916,0
82.96390046753304,25.697458039238455,52.64229783203219,77.84614383298387,1016.2450975950894,4.014296620853065,4.432086721624616,1
54.68141438614125,26.14579929852573,97.44688114228578,60.74340055347789,1021.956451341145,0.9479596709013756,83.85391789556883,0
11.275099330185423,36.06051795665327,40.531797106808135,77.42091722156496,1010.0243037302772,2.8925802688712285,37.805950471963975,0
172.94447525101063,30.78322553350509,99.8692513409187,35.179238920632685,996.3274802696833,2.109603037170743,84.4783150562659,1
162.58020182601553,26.22615398312007,80.60927793144373,22.269478533012528,999.407916526057,3.499853726164422,56.35280813869221,1
199.9435346572261,32.206675666218366,89.70815796694703,63.86345577673494,996.9525601914092,1.233789845377639,90.35986048966329,1
199.32736741478107,34.32301348446387,57.67716378077159,26.100313443291743,998.6399959658506,4.30403871085325,92.76691266863341,1
111.08634112052549,25.452480014670677,40.858916660023596,23.95066989642786,1000.7245407272862,4.872563453106587,2.8916217655160477,1
153.7974830361021,28.270982030507028,84.2721711136918,18.600479376626495,1009.4296825363616,1.3984494735873607,9.39039324729325,1
188.95314597648562,22.43772186673895,90.04867582004054,10.374318257938828,1010.5797070312342,1.073721980435352,26.535155497943837,1
169.9294781354823,23.622986990693605,84.42856791721115,20.517044881341278,1004.9274911534651,1.3003351553304754,67.59291080362317,1
49.46962034863953,33.622357079299654,48.57101723805032,28.425579877911016,1011.5397272937292,5.32420159044176,89.05067525812758,1
90.1088270620187,23.62876695391254,85.20567533541814,53.91953665165843,992.8551223963979,3.405040939659959,47.07431122680835,1
25.831883030298997,30.503267673341202,86.13536692645846,5.005187377556126,993.0725882970356,3.0699354780412644,61.483365394878014,0
190.81020545174448,34.18092523444865,79.5124309402033,16.840555173227436,996.0140311125181,1.0869150050629486,20.47298557396499,1
121.23492689017601,22.137538461894877,85.96695596773517,64.72189122333411,1008.1327124314121,4.07255803716329,80.88674972040516,1
45.728561100692545,31.346244392578072,90.75528638066393,11.753753886701661,997.489813754441,5.273997755422995,96.79815491264003,1
134.34013688117133,25.131255674027276,76.81624685424751,27.411611721801723,999.9149541222403,5.055022281278991,28.322695425630553,1
123.62564809157917,39.2585375047516,45.31628283818074,69.1727137486512,1004.0109492660548,3.943300899394407,50.492943256853536,1
71.6325436065681,29.670912934398494,69.25766858003266,12.394024891475413,1018.4153143403632,0.914032941584205,10.439378829624632,0
22.711518439925804,36.119850995503164,44.6589600802963,6.618946849455192,990.4851747569501,1.1181836494680713,56.795392333370906,0
134.3146391185599,31.004530843125234,64.45258186194584,38.763039606400866,1012.7282587082818,0.7711994291040357,51.272777300974695,1
104.06154018075866,20.868250657096382,64.42638934753765,24.19356090228291,1013.410678586424,1.9161356907085811,16.154775447197604,0
154.46367834712785,32.66302751188044,43.960590648414495,45.07266915870833,1017.9529523124822,1.2461380693820776,45.32248888557135,0
104.03270022239867,39.028066844133136,60.92923203816876,64.30439123867801,1022.646352867111,1.9302642213883865,34.7422559044832,0
170.43630006370802,32.03223640292663,46.65988592747889,10.971879052219453,990.7048247132251,2.6178193064542894,53.13942577990856,1
110.38136775489711,36.3837771885358,88.49411260055334,46.4559267643428,995.3824296929625,5.686405312391246,59.39412487202232,1
112.18759430707725,37.68412926696816,96.86128155786824,40.44070083118911,1021.0159952919597,3.8570683287993064,2.832566703506532,1
175.33072053166902,24.56159543897865,44.338988515476316,11.526302881055965,1006.0481496765456,5.092355821256293,76.57858632905642,1
80.6965732424794,24.240896798164535,97.30691243750209,49.919878842318596,1009.7606723626712,4.406933253917828,71.8754006024506,0
26.803045690128148,32.21961977701984,71.3545959602047,21.89123342886173,1013.2059521303102,1.1187672178964747,37.896065848239175,0
5.756535262667795,28.220569396134096,57.973940677232434,39.026745483521,1013.7673311573473,4.547562235056718,7.187721685744189,0
151.0274511347238,36.797226057334406,44.61172451656981,6.5817859421649505,1022.6109141160778,2.0130438485751845,75.98338889893493,1
124.06191027069293,38.00046246796022,70.03745608422507,36.766724577089846,1024.8932296094085,4.015093158470885,95.60716572685698,1
140.81595361984472,27.068427586054362,87.67093266944492,24.517077443425627,1015.205511132583,2.375290855036437,25.534856410157392,1
42.592832301782146,24.73741117948964,82.42518863600189,65.79049689482835,1000.0527423221803,5.987197447955626,33.70541214622971,1
27.27429511735395,35.61051030487724,43.01356068783843,4.558298159789462,1020.791334080302,1.949533137232278,20.013663169217864,0
2.9089331335763857,25.49612071096272,44.374110122074214,33.4885819934664,991.7227320089266,2.035217589258483,58.539740087794286,0
70.11751176131939,36.45228637027357,64.17239695795823,36.67451393051504,998.0878298506074,5.61869740559319,17.174456675450585,1
117.98353737092661,28.474765072975256,57.717429642876596,58.0004861039295,1021.4085001112301,0.6355442254997747,36.90700645921518,0
78.44880901994647,33.35099798582941,53.94305938336287,45.94300600721688,998.9667030053774,4.331789433302583,70.30727536555777,1
87.49498440474581,21.910706276693364,56.86026993452282,53.376986975534486,997.7227870867612,4.489295149047329,56.89136633491614,1
180.83173889874968,32.47718649353146,88.20896459781308,62.163942852140494,994.8343852599087,5.100082175757196,39.87333130413765,1
69.65109340466007,29.035353574744583,95.75368321791123,68.9762378926551,1020.068911517642,5.859416208511615,43.1844609771391,1
102.79789783196216,31.732169263509483,64.30616167165398,25.110039737797642,1007.502039071688,5.8658105553615885,57.08686649707649,1
156.7306025482286,23.36028415489727,94.36666012794981,43.04181642911224,1013.6212621068954,0.8590221666155514,2.5747433329418077,0
79.30855646425402,34.73747489888364,59.28974207487292,67.20864627513599,998.367323442626,5.020116275140964,9.693967108453766,1
124.4173400455747,37.25594155086457,68.5862191806275,79.15609047720451,1016.5314147353926,4.054704635115597,88.36329064077513,1
172.47274174934904,24.334796001815512,53.56173986895998,71.16154488350105,1016.6001940736735,4.060381739052001,9.632140930946495,1
189.9041247315284,21.914291110403234,78.42856253055064,29.717381009950145,1000.9409308717906,1.2059245963808214,71.2667524286295,1
29.414696185807585,20.47277172092673,98.73886691048853,15.613321377492033,1004.37389215536,4.076029415451093,92.16374008268716,0
185.31752503229887,32.83943000886532,76.20958576260273,39.151402992527096,997.3391597100571,5.903654193306863,28.526993221569647,1
98.42325861590764,32.141880721775614,61.46884504681293,59.33131614688338,1024.1796358163017,5.515002132466958,38.308160831832396,1
51.64887765979167,30.9339482542814,78.86904675943171,39.405525660263805,1012.5960901970444,2.9152186344266777,57.754297772782195,0
91.82715124765227,24.63894192231951,47.375240707923254,38.65446906509348,1022.7090358250431,0.7197138530735189,88.4074790245813,0
196.0065150570954,27.81811991811029,93.31954481592392,67.05843368654405,1000.6184940270197,2.4926141950011265,94.30674755152118,1
98.52361879857392,31.88952670372346,70.18503704679019,28.91230232537491,1017.3661819548911,5.045146713803054,74.47719831490427,1
65.75032205750165,29.93533717718339,66.96098452237852,68.78357398493165,1016.805052535966,4.358245058058413,10.488736563760014,0
126.68017086334515,39.755710404297744,75.15188730721115,32.54438407613789,1014.2079478153289,3.0263901057667604,67.57710724241538,1
48.029123755638615,22.72879505113466,77.48703176736414,26.258648454267153,1023.7973641343381,0.803058443373571,42.209764743520886,0
15.172665621732783,33.902891080951875,44.30654837359078,36.31919289597592,1003.774436763721,2.8479210030281643,48.128697950124035,0
25.775944382129843,28.086375362085843,80.95703327340414,60.99575669398948,994.5751063256415,3.079637168448359,6.81654225382735,0
25.609167791554487,28.563992298512296,54.515900818931776,10.080162229119543,1013.5098100735421,5.607055430917748,20.724089655943104,0
30.38053870245887,34.35195531316353,82.83715795039538,15.71353726976139,1015.5258430167022,4.025973569701877,79.47033353829748,0
27.76543452988203,33.84872302648739,89.3520876630518,76.11558605304735,1010.1271200710585,2.214091041600569,46.487965638690255,0
128.17494896064292,39.825119874043764,88.23751045315122,14.03933019050859,997.2386262596689,3.3892504544789674,31.56289967985259,1
36.37601687982897,22.567885789082503,73.15005804447335,45.418185434484364,1007.6559579584274,0.8633041930218803,39.6338692485659,0
69.13345666477264,22.082192987683328,71.21019353864507,46.345157332955026,1000.9266407799196,5.849125296073552,85.73115230591667,1
179.35768198120238,34.48677634257482,48.5725576803647,39.16995696401958,1004.9613284858341,2.480329460618993,75.40190370568577,1
94.79232805257448,31.56773834012818,86.52076902418813,51.57961988614549,1012.5826501545632,3.128270452022247,28.686908923746113,0
133.51154770420544,25.48321333119612,56.28456282680286,18.386138063809476,1016.0825159941792,2.454061858303074,13.515180340812584,1
34.46397424032597,21.588387379779732,69.80172536907679,44.212981422139855,998.127864181547,4.253814515639101,26.69582572111903,0
38.457803761734155,21.71316499192861,57.056445575651004,29.77386041975177,1004.1863876226433,4.142276870812761,92.2341322033639,0
8.173723253295773,37.883817493282365,48.029701779981586,52.93338077033512,999.420654984707,4.434272707910246,58.99570610927602,0
33.78701261443291,23.83734649437486,77.77346181350418,11.297883469851957,996.9521064851655,1.9747877628655646,54.28106045698872,0
55.71806780639172,26.467431242310415,43.25992208937423,45.6701933471581,1017.4185526998543,2.236176646402363,60.44657276986123,0
35.40209685534936,24.533128044539758,84.918714047572,14.821628430665896,1021.8238443052948,1.1888817710291437,37.870770043158494,0
17.74050675141112,27.09992611663875,59.055207715666995,22.291445049202913,1002.9581264989602,4.105304845153619,81.09648799131224,0
24.12717422012016,21.38847685492187,40.00808158026912,17.496784025886658,1016.2947623530819,0.718884200346089,53.28205243142448,0
92.15575360654515,30.38119581816541,70.6677483542338,14.627022389505369,1021.3948351277544,3.787252845379025,13.441294471341964,1
41.2667436811585,21.3522512718443,42.811114511656186,66.05687612485336,1019.6143473685581,5.283327366683986,14.64838223324817,0
72.8539722096151,36.00713015644723,56.57017346925397,22.856605412871225,996.3984685988729,5.399576815592985,54.6121963572566,1
100.68345417097137,24.67424163820866,82.41858924734296,74.16990254915595,1023.4702158529676,2.969707682034789,93.78388137094224,1
138.07896572587305,30.800238292090214,43.76137729731195,77.59412202761527,1003.1836754150312,3.0261702851719057,32.21850792426748,1
7.862427968219787,37.60158175122916,90.36030954136014,45.70083759496779,1001.8734231410842,0.9233305065440955,87.21503454820339,0
159.88207978180853,33.01754738094388,40.22919535951499,11.440089813258112,992.1850964547223,4.189207639936697,76.88136748473018,1
125.58007789818156,30.659155731026708,54.809432152114134,29.9638594703665,1007.0160778936709,5.0169268120506505,26.285619404876872,1
16.35180638977438,26.486675062307512,84.45424336912428,63.818581067857124,993.8154765474325,1.8456028003259217,5.56139333499176,0
174.71572482135545,26.660038261163958,58.97620898375841,29.39125829576564,998.69889373246,2.8171548489835057,11.981031983953509,1
184.17448010636264,33.389739103963805,46.11354328396081,6.9613774642231,1001.0929917618548,5.113616352208987,73.39240551704914,1
12.21559197097275,39.88278722442335,61.61403512802568,44.542792874255035,1018.3089213222089,5.324162572142584,21.567634327983377,1
55.37552962944075,33.236783796987574,56.22359718307153,67.60966811968278,1020.6421027638564,1.8374898914532427,38.38455020952859,0
161.24025595861227,31.1556683474005,90.56271412963329,63.67411097148019,1000.5863211111514,3.5281384899775032,51.16651826862963,1
149.65193807673168,34.61301020478492,58.80087505510859,14.009851210428259,1020.0544342435601,1.5587123284970488,73.09588050811595,0
36.90420387127546,29.30411224567436,87.33594830656043,53.821169152997335,1020.0030828079426,1.060333202767561,13.096659879394288,0
41.86986466734206,21.202846852015703,93.51232868864409,17.64034107485177,1016.7627832634706,5.511162757655766,41.823907717191226,0
74.0944205582764,31.245936317558197,66.02904517459177,17.45660276417378,995.1343289905313,5.0127912732766005,49.53714509598415,1
96.90459703820426,39.1525056901076,94.59658863126353,69.92574186441482,1014.1612996415255,4.680191959917456,55.00105226921089,1
123.65095430605919,23.50605884715319,62.63908323779157,19.97351621921841,1023.0758422603199,0.7682147534722723,82.19934285673123,0
73.78272791395449,33.80009781641331,97.8447049894065,21.059787721440895,1013.8889167568504,5.140508359906416,18.824463114235257,1
92.50694322662957,24.018673773181128,45.35737147153438,0.05227126090396439,1001.6065897187742,2.9092424174796108,81.16748227900898,0
149.4941876267513,30.716553689461627,81.22115599019457,69.65352273004142,1007.5202761100791,2.383173178127228,69.90208591427192,1
7.33664057811958,21.93352899293439,69.62884242741572,63.40758505673078,1012.6003765172869,3.5056199856395702,56.475339791498016,0
50.48738886880415,29.007418725163703,63.25892832733882,50.18631480725424,1007.8699643054977,1.002442834979557,70.55373129945205,0
142.66991717691047,35.12326657790492,77.96271272491606,60.02126111510738,994.198352960584,4.6615560214381935,42.37773841726233,1
179.04136753743987,26.951430484779642,82.23142549805988,12.163885393959344,1000.9222415628208,3.7033929228856275,15.562963424876209,1
102.33548842313323,33.29823448974436,40.261796179018546,36.66588756700604,1018.0838610693771,1.5262455328024214,67.244993546006,0
106.42269705306313,35.90899921579458,50.01718532483192,28.097550987902473,1020.1496316133431,1.5352770987297508,53.41788605519098,0
21.43440226795521,38.54355638958906,82.78276303805913,7.502122100561319,994.805501145045,1.5133675836497082,64.65873045319199,0
89.48247336469093,24.69284163710907,79.98312481469239,38.890438817193925,1023.3335363339554,0.813513131535637,35.12388054079202,0
106.52345329100463,27.986318316186164,97.96285030772063,73.65917202741083,1001.5087916247013,3.7328914715442663,90.87292457930391,1
48.49410072694593,23.04832026660835,85.66226741504698,3.2047295240555584,1013.1809808555752,5.121914976736795,59.56224712040654,0
53.84864618987619,39.84967004316751,97.04636246388029,23.31687307950351,1016.3138801084839,0.5962401769306374,10.369443460505636,0
75.45683262092453,38.54001935848591,82.15243009208842,16.603274896456277,1018.4181182123259,0.7695255473420045,46.08079108903401,0
4.014239555545274,30.79914260561119,57.883132518366594,19.051732293255704,1023.1012395779076,3.650236521778202,76.12289336487616,0
64.41583311663565,36.840665887528424,46.32189533505139,72.67476415035003,1000.9521841810088,5.007226269623287,79.82518704976269,0
42.28960139930893,30.41915954544084,86.90943180069613,37.44552433874321,1020.0477259093044,2.297063898127485,50.47051117084836,0
65.49947043558294,32.471713760055195,78.64895328855496,37.3039530351855,994.6090416202672,2.422879193442472,89.6852619414675,0
23.952426363850243,21.78248864232033,42.89116074359777,60.84605139642258,1014.6764317223757,3.7799057362322674,28.23150684504116,0
178.105456147979,35.10540840993616,61.6030279540587,12.359376320394064,1015.9692205329895,2.008170890182808,42.23867232935012,1
118.71849071080973,22.554269672704695,97.40798892905717,38.981228328004065,1013.7203134420462,0.6463460134272627,90.06249723575907,0
135.8204638288979,36.521352605050566,70.02406874261207,34.39881712968478,998.8310157647304,4.543756849558778,89.83315821421473,1
157.83424772146765,35.64056175340772,65.96374816118228,47.75285524373249,1020.5565101455321,3.9410745211779923,69.19985134481873,1
99.68843978581145,34.17489395485953,67.46197630955764,79.96461626003509,995.9100462179638,3.694157994806125,86.18009361797758,1
17.38405761748474,20.723207610495244,52.53296344030982,61.55591152656377,991.8772177032291,4.579262709455027,10.699780161710802,1
107.42130836370956,26.06256711890657,62.122430251887714,31.829256241394177,1015.1112746714169,4.213769606591207,86.76950766836208,1
117.36822360417582,25.262251398216858,62.188795359230596,66.20424418192376,1006.6416500331457,1.6323509349807663,33.42075084192223,0
149.08789483686598,27.20272814943038,43.14130121124835,13.656669064998415,1019.7184306985537,2.4386457581884313,19.476488217965198,1
86.33190924593588,21.752854935276773,86.0540577110751,2.43709490471681,1003.4188999370391,1.1936057792324375,25.45824396152054,0
25.516060559112752,38.73915646062126,64.99026591423274,16.355869797141843,995.88975059777,1.2142135737983457,42.96091378536093,0
56.75518115974489,31.076044814247524,89.3307932089854,27.23292448914077,1019.2754767364454,4.219076604960966,26.61681645123779,0
72.61645927972702,26.11048621316047,91.02088006719373,40.84646059676479,1009.2118371074025,5.222300588403741,33.41562342961691,1
129.18344826632026,27.939630341485667,52.71964328191949,49.21033124329598,996.6218527336624,5.7950292112362645,15.227891635020924,1
114.15566093378237,28.944050810096712,79.44120893020772,72.84845737715374,1015.2134399505256,3.955909146521944,31.025323024781855,1
71.21934517956925,32.011886667212345,68.3369082497789,40.78832076403661,1007.8889773471325,1.5125572784852634,58.08381382511612,0
197.30304975859593,30.313588553929954,92.8094042752891,40.10205157005835,1011.1509543784111,1.081076899969119,45.30166339292427,1
121.15496387137743,38.38783946428835,52.94444075058725,4.019440785838571,1006.1314418372303,4.970680343452168,35.978438601119294,1
47.4453583471989,29.939269658116604,80.66879201860266,2.792924212497905,1019.0048144336303,3.683160619979996,75.15230862799717,0
20.356494524080748,39.84316029646625,76.46512733516334,44.092796953309765,1019.0346950489068,3.900567615575459,89.56397719654515,0
30.571827836866404,37.028499154901915,57.718088654309966,35.05428905986756,1014.8286087638535,4.798041488150901,76.16534384443491,0
49.191545676901626,24.170210287146716,48.196054219070355,67.13443159842389,993.6890482088762,4.368024752528484,34.53606880753256,0
32.13627465191114,38.61190429287832,79.09838562863659,12.854366776947614,1019.3598851666424,5.089520390708532,74.95533244808026,1
37.313404810261154,22.32732795770952,84.31584748793983,1.9977329693639678,1013.4854543186518,0.8091764800293316,16.89405788245702,0
57.01903373876942,36.34899416982383,58.937640625800995,35.92310143441007,1014.3958458101505,4.611363502105776,14.77116283294651,0
34.67471905895096,27.6124658695316,78.68995624133882,18.9982845401806,1002.7043994141355,5.179690165271525,35.87144962954358,1
179.35308492528503,37.55948640890139,63.7078544566902,3.969149867106996,1020.7747844654953,2.073742733520729,81.15483216631759,1
16.046749132328443,37.361133802149006,82.79241299695707,57.96786294781032,1015.38800600822,4.022460006962891,26.142128229745584,0
104.90227791405093,36.11850800235243,51.95291649364319,8.927439996579798,993.9406663285218,2.2278913511033465,8.1988340720706,1
82.0793653979323,35.80060872614123,93.41290015817046,48.66556000062174,1004.2722312042157,5.768840865653497,14.907534450222798,1
196.47572338172128,26.093582781960816,57.244575787934785,22.483980013351132,1021.023312668605,0.6838296483952706,86.15700691589886,0
22.40778043361047,21.618385661025044,62.06715926536917,13.879684028401762,991.6518845594082,3.6888606410812526,64.11076190523418,0
79.57111980914833,28.05960357530323,43.48551712482099,30.380121833545395,1023.6495816874717,1.415769508772333,26.813714010257712,0
193.89408665507378,23.470490299730173,46.690732739276584,64.11566209783629,1013.7706898911847,4.4172111284743725,56.41899088216177,1
173.10142517879606,33.89902177804923,70.95171416273969,31.367486152365814,1012.0981592175182,1.4673965588026414,53.70280299768434,1
163.414414189856,26.92199453075571,56.05556060367829,60.061571936884455,999.4695739770797,1.7946079404409665,66.2327258871848,1
51.580565408987965,39.5122040171983,90.12881354453165,10.038903743932055,998.7077126058712,3.2190394607516692,24.8523803333184,0
34.177517478013165,32.81944154690664,40.88160331929723,61.82171357320633,1022.9720376821008,5.5315922249828295,86.71149274505098,0
133.7286439848862,36.44961127268722,62.74564292031617,18.954665992531893,1000.4395358981943,1.6644290468138396,32.31811908384126,1
185.87519782551715,22.65049345483697,60.24073280614556,54.191450391109825,1017.142685385165,1.2933201161495693,70.02490208967122,1
111.35257860278595,37.24028964545245,41.15965785505606,45.26252438727971,1003.7592629372477,4.674372575197168,3.5802153444770592,1
114.32253789397997,38.455143810267884,47.462103940030616,74.33157737693499,994.8738924774647,3.2534074278366205,38.52039872962643,1
55.99581873205683,29.741238376378718,64.81856049511812,30.98580143802512,990.3750354193376,5.514818118099742,36.467562159963215,1
153.89858663838737,32.12505875501955,69.5718750668468,5.293215106755236,1009.0490067955337,1.3063800643791326,55.26147400113542,0
37.408749711504676,35.29619601805991,64.25738483529214,1.5324388441002323,1024.1522586492126,4.052603411626716,9.128153654165256,0
64.73584728084873,23.496772545208252,71.85626070472563,66.14868487782024,1002.9197667833222,1.7808353038349827,79.43287462515862,0
85.08728772328335,30.051321529268847,75.70790049434089,41.978851012914575,1002.5017316897565,1.3621823575840162,23.342518573221717,0
101.522075736891,27.973260555446263,40.59542926767014,62.019524146795945,1002.0432066247305,4.258861783364988,68.349705858437,1
48.481946483016046,22.92747984324498,67.84570956721024,18.754048000921173,1008.21903430567,3.7652654094980327,80.71478807792113,0
22.967364947840707,27.350688445830627,97.8099544532553,27.606699641058697,1005.4232709198503,4.651551020992822,57.063941711668285,0
122.12400848832652,21.363446187709872,71.14193680777292,2.408309776905515,1020.7970119354455,2.202044170454003,74.60655425875458,0
57.726110648051154,20.51623813898974,80.65253604753718,76.91938596592897,1007.6932277103222,2.9638441101020447,66.86231059707055,0
116.24764428452245,22.703325783096457,58.71183147501299,53.42943253606507,1007.7715243365999,2.7300942198173015,36.841920120896745,0
30.872543054840463,39.26230223178348,86.43948268916574,74.6564070207445,994.8430058152195,5.912492051815828,81.2681368252894,1
96.22802037096349,30.99059071790034,86.3752889125669,21.239712594325788,1024.3958839318634,2.1073692620666336,30.880734248781742,0
106.51788651031717,39.3164432230644,71.27776285924834,48.91708889805287,998.7490511804091,2.121494810907218,57.978865939648685,1
10.364707364485382,28.649957566602637,98.56082939675281,54.27999746341102,992.5677423610861,2.4500151485573407,75.04897843587086,0
67.32085563878411,26.23632266170519,47.533012885759206,25.403976020607075,1013.2101187141322,3.6052674470967685,39.13767916162575,0
26.88293538779485,30.122837256804882,41.01685989337486,67.8487388012504,1010.8378229554905,1.8877750934505988,31.671225546507657,0
12.674994094553549,28.790233772658205,86.20949270542576,75.77291703201982,1004.5300978897461,5.534094672086007,47.01590899693663,1
197.99204647798905,22.11329368523488,88.42933224189295,70.78840941568035,1004.7767281858237,1.9612706067644492,82.16042244621705,1
64.47076899494459,32.816526293804124,47.21243374723458,59.125358075149805,1017.4772372366251,5.42698652358107,93.13233278827515,0
161.97488917092699,24.320763650191992,55.93496997751636,22.197174377996323,996.8499424034877,1.0691128500562157,55.418174460269235,1
50.92813095275277,32.391759097956594,41.05314180199773,22.52928336845054,1018.7088661630711,4.111094863198088,66.82368812171788,0
136.30054444478586,33.00402184796307,57.598516646833886,77.06882563568303,1012.7061489863256,5.4884203514103405,90.52081497941359,1
152.0455719779373,23.04049706257296,86.38851243512029,0.8227596748553623,1004.6639420822834,1.4281219111902623,11.657591438468355,1
119.12774812156886,21.226992542213363,71.07763166275474,57.28399785937156,1006.0310015804354,5.825798280545903,24.743700630884174,1
94.31523771003168,35.6152317213688,60.88573559009728,56.499693004420976,998.9826522515134,2.990858482285314,71.47220061265509,1
82.3681828294537,29.196008475386403,62.30435769437982,49.81516327598379,1016.3240016443941,5.701433096425634,82.72695726740537,1
69.77365330859907,21.163275910109515,40.08121754292809,79.20870768694927,1007.9506159806843,4.222510239965258,85.98884477639663,1
185.90582884956518,39.89732634339534,57.98803165391415,24.95035486109802,1001.2299089962445,2.1587277843045336,42.68050333178339,1
166.12388155754581,21.155611219927334,78.78752449827583,27.197749103459856,1010.8617540516333,1.5356638870440853,10.75531042460295,1
193.0053821333025,33.90070457717106,98.45166662898143,6.315152235724444,1024.8507058217963,2.1705427542380464,44.902584775362754,1
24.859444697108945,39.67357850526827,90.82364961903397,35.423850923498996,1005.2341797879794,1.0115957509447124,24.61198984029127,0
146.17349504072885,24.783602084318513,41.41569787873175,20.883882098787847,1022.2241990272516,1.2912738148883136,30.53725258966917,1
187.66809136420756,22.844987373743923,93.91363628049035,27.470936174211538,1002.0755893973599,1.0756324219056463,77.68222057007557,1
36.24661323313203,22.427698788448577,86.99190479791756,66.76574322045022,991.9156447423745,2.8261894905785674,9.401654430536913,0
13.299253473355499,26.06550295135191,86.82256741425883,74.83876108219965,997.148473722895,4.875681069416725,83.10295931310881,0
148.22412985801182,22.020916220212932,67.47974554021428,14.85864576041485,1004.654330016469,1.277609548189871,43.91157041076857,1
114.89462263598239,33.84322683388264,63.88031757727017,29.800714524277268,997.6872225008099,1.2167623824478473,60.41426524785832,0
168.3657553516544,21.245835962601255,58.174943729991554,74.29044496923153,990.0079463376389,4.0388592223453195,10.785918661096542,1
27.9544753252579,30.188442562995796,43.941691537261946,4.944676855137811,1022.0250538211635,1.5845064008243646,35.0611896790134,0
159.05346237197804,39.93393707705954,53.69412180962195,7.388842248910281,1019.5357793930825,1.0368552095994539,10.790690063454887,1
40.32546400954891,36.279405390120374,54.79621809868148,13.02327913649835,1015.9802281020432,1.417667180130677,96.23128484234874,0
32.7311885731409,32.304388764620214,69.0446241826121,47.61702673014998,995.873510847611,5.580522677322269,81.11164163397254,1
32.853159586198586,26.125072415732234,84.84666439580164,12.037781680479798,994.2127251673495,5.01809189026905,47.0440099269331,1
162.91494404627642,32.47791672583277,68.4285897038768,77.44611051605868,992.3661662315334,2.4473550929530177,23.913049735719767,1
133.03944413924003,30.540829278233034,43.47066696682964,35.73716218068163,1015.3410216070522,4.107014220300661,93.47860031448552,0
104.61308495382386,28.52166767780743,97.46738805929223,40.12143682801331,1022.508278624076,3.4550162051742093,35.77046638124323,1
71.7660968247005,22.614207534803988,96.56345914564673,19.73268926443252,1005.0687537319563,4.2241834491541015,17.776474305362726,1
175.44010816262164,37.732084304809334,87.1113725889045,37.67682019477868,994.1699235198616,4.254691338545176,57.19011006848758,1
78.48902148452707,28.99569297642645,99.47967409385323,52.95309061096092,1007.9337487256237,3.958037082829961,94.48986379379198,1
163.31988789431543,23.8924502364153,72.66893996801578,60.094170956323424,1002.2091167610521,1.9635575269551973,2.3753684690316126,1
87.82698171404368,27.35518701754579,97.76610101519236,60.30944661679304,1003.1188723522499,0.7145353141954998,25.336234638891877,0
75.38888588498152,28.282595050578543,44.53630243700505,46.23128901552707,1011.7465718454498,3.005617300945598,93.96786876021994,0
92.53595713392129,36.550757911337485,61.940844895682275,72.34878199950857,1015.1551339641771,5.400356365798871,18.766424752001882,1
60.27557483282842,34.67228761122804,53.52287608040595,65.39262778448875,993.8711259605607,3.6322349218521675,13.097858260702345,0
149.52187603525022,35.386097872826795,51.7499850480562,60.563849175890034,991.2456580782267,5.078150729360494,57.87834714838084,1
100.54407801849582,20.220625288572943,48.44817693356056,4.44844173443685,1024.801560594,5.953933886286755,86.46069468289333,1
46.44253902936346,28.32307996359523,77.34481849395979,0.5502369775719451,998.1454922120444,1.3998891227605195,48.75676213400476,0
179.9149146549137,29.626883032706473,86.8793113448383,16.995782175637835,991.884068371796,4.304777015280903,99.46729715508343,1
76.77824427464228,20.383845536461134,74.69790396522164,53.08188751307618,996.6456365183572,4.208614655350136,68.5588265547233,1
108.71057222279772,25.196264174900683,48.817762575292576,32.89579911060366,991.3635246221962,5.8897549604705315,9.259340906623878,1
181.2944221929094,35.2057964624427,88.66742619600825,32.19250074394494,1003.713381311601,5.920804036740402,99.29754890483359,1
124.84759918279842,22.74219411457998,78.15728242982371,70.7669510583691,1018.0840624557964,4.2767323644827115,41.97363520445866,1
23.379608141672815,30.706202629051834,63.28994236761973,71.6450278505471,1001.9435557415202,1.8398813559020684,30.165448316857287,0
187.96642472269502,24.30403744034475,80.44781773216377,72.73402112428685,1005.5464192407428,4.892057109718294,56.672159990632785,1
125.54161061428357,20.242415492877864,55.59429875456997,25.110246121202184,1013.6455370748604,1.0886602381607096,31.8221439984447,1
66.98112293141722,24.82402915199083,60.71153250965263,55.28446501914094,1007.8112924524459,4.793846172943958,10.472835697774928,1
27.854414532677453,39.517475098201075,95.04915058791941,21.730654501949573,1020.1505990107463,5.50607868279583,2.1399776217593187,0
158.8050378540592,36.030742237659794,57.43027034028522,15.248786645955983,1020.3112486266015,2.605583671226394,46.059168586185706,1
124.0145511857027,39.19153288642067,68.19929608947619,14.770596587789537,990.3468743421904,3.9684941224069425,84.01261537820604,1
106.6922183952643,29.757080878527248,93.40846824376088,27.368609669087522,1017.231620726912,2.865785026532545,58.086888191747505,0
178.77851661019153,22.19472397355007,82.46328101605164,34.396609582385736,1006.1256760084586,2.9077078024347065,99.9223152964572,1
157.71944224490616,30.95918977947386,43.73219356988216,66.47593368440548,1024.6094189456282,2.20703989009466,30.110971273425598,1
30.334975946550237,29.08754669119922,48.83818265673822,9.591287477816968,1006.9131226556402,4.691712912476786,29.48459634648542,0
62.34441355910965,36.887141654792316,40.470495446315006,58.79406779159154,1024.5413580885904,5.6489711029157785,17.65544710292653,1
49.69782796289315,21.961651615684893,77.85530741374981,42.516393135144426,1016.4099276422007,5.674129725789536,18.07823165000285,0
148.7892585145354,29.764822740435562,66.8604055246251,23.0356274140794,998.7011709614658,1.4612970668121361,29.948286408984686,1
6.706486947155876,23.000973293879685,48.05649105413653,39.42556676262597,1008.8438242750435,5.311090073111113,79.69832443680566,0
113.9779369742633,26.4935185378012,97.47604726340623,23.99536558216181,1024.7247473817504,4.555872927849172,90.7641654823719,1
152.4917371481381,34.747141547755994,71.7795834367372,47.68655641906448,1020.0135712713173,1.8906057037965909,97.55854263135276,1
175.3531273523499,29.52036258737533,54.51359764677335,34.707513828419536,993.4078412826927,0.87006537106833,24.76438610145236,1
68.4163497431815,27.517765702915387,70.03621426928245,13.152442326310299,1014.7230198883499,1.9739849678640788,88.36715947018098,0
164.25146093440256,27.889525571400707,80.77721996410646,9.326645964455738,1002.0952855054785,5.517145302298391,34.16899874917903,1
22.126347391041445,29.188935368119733,44.57435307841387,43.73565456577041,990.2443791658122,3.9824827119267474,13.058373362654672,0
169.29045834690365,35.700330876741134,56.482228902873516,72.19304266288827,1004.121833915945,4.4658006349382955,87.26244270097624,1
25.497732466396485,37.84169377880469,88.41792945303962,27.516614924614842,998.216404760374,1.914337931100027,64.33835219507462,0
79.45745811207345,39.10669373007856,67.57989222415968,58.64000857780986,1018.6604244682165,4.456634855661512,18.14362781594405,1
159.45907315591072,35.7380677251059,72.7946285219377,52.692908395181355,1001.8065713096018,0.6546682845285807,44.12346323627425,1
29.983485469754754,26.308137914960255,65.96896013256816,74.52439314475848,1018.9633292883836,2.564267401751576,30.15125409795263,0
45.8502790465283,33.762694121730846,42.63399655858031,65.67848138393127,990.0209278592179,3.9471434169828217,74.2058677335993,1
144.45051367861325,28.75206248110784,49.94498678920935,45.32842071243704,1000.7736702509142,1.3035311104772611,46.43479060117827,1
144.00730730921487,25.09341244092102,66.73249832451346,52.56243985872858,998.4407825007717,5.026519659458141,98.94943462042572,1
128.22952657705946,36.81743158851845,52.551127924475665,71.87091732672279,998.1748576374014,1.7926721434655526,7.365008261440321,1
138.78968889342,20.7685269792465,42.99874171958072,31.961502766954784,992.3865316917912,4.087546120501454,36.79149608135217,1
108.54488866951924,38.03523984270847,90.61897984310943,26.14357646862219,996.5493494643675,2.728584284164313,49.226216376777785,1
50.35981178139055,29.22954929249468,98.87155174984696,0.8648866908157071,1009.4442349459966,3.7782397751270596,51.30708836533534,0
69.1391987007839,32.74402953616561,87.58857243980437,66.12408593531714,1000.197637549321,1.0909780394589947,32.961710593792404,0
36.31954336028513,33.187078444115656,91.22709530228002,64.07845603226919,1004.6088173815202,0.5930203995688403,73.46554441156167,0
181.69011226672566,37.90235481413073,54.518627819022726,8.35636144801211,1003.1903408121516,5.502604350591657,87.72521320191953,1
116.67835895322409,32.733393643344144,97.63761853079198,46.148590490616016,1020.6566723749963,1.9829650482195054,93.99449159383057,1
80.17028335272798,32.27867169520124,51.8155422672057,37.11853585335099,1021.685464965368,5.008223515292525,80.89915092635357,1
92.40116072882654,21.3330408112138,97.08578862170994,9.496727640728917,1007.253494007955,5.996426652597101,85.35685933604674,1
189.45666792236307,30.36816043890408,99.68915763795707,78.44545816485788,1001.5554582610462,1.6628719189940113,55.95343946075956,1
30.67028062321604,23.003380016340834,82.70336834476292,17.175670997068437,993.7380246400827,1.9584390765084558,82.93704618982783,0
117.24596640335945,34.74867537442971,98.86862390750932,5.378734407244892,1023.3691007783733,4.145728831990661,31.74338309649932,1
101.1777357768932,30.244438416253487,74.17238677402622,47.587790360152766,992.1079430715104,5.809967490303417,41.050918686703014,1
122.29084708692956,33.604555584167066,55.57250699056542,59.10933417064261,1000.4177597148898,5.536978915049092,33.057475354217345,1
3.6220367641681017,20.833458012047686,66.21975313993725,2.595475683774957,1000.4323170409501,3.2658153603607167,47.80395887389669,0
174.4247817888303,21.695840320916066,75.61365612272715,52.69741109816177,1001.2140450149075,4.873106553896986,29.986802391386362,1
186.4236564967225,34.326467761253646,44.3848937216209,42.58335007611635,995.7500395145344,1.2466021920494559,96.23792134093578,1
113.02663671784178,21.441686719973468,77.34059587703476,8.261200710003873,1017.4106500823294,5.875910013122068,32.65877354455548,1
139.33016477537845,21.42513455530517,98.87067020573767,13.801910155708965,994.2874251688096,5.803942787197926,11.608364734872103,1
184.49987623545914,20.24216950469775,51.406458987023655,45.43794378528644,1012.2217330703606,1.4005092683354403,53.62808227294051,1
141.44772686267973,39.1300279659896,87.555706977303,23.70860908106307,994.3346109347036,2.1468271864170863,7.595709687627284,1
30.50780858285227,34.75016718918014,94.47392762677717,75.06525829210528,992.4687473157535,1.0508524862872182,12.833230298240892,0
115.25767203336264,27.065028170041284,96.62209556921326,65.49921835872406,1021.8300326290057,1.9944467939399884,23.500160141232136,1
121.34300927657118,25.930711625753105,97.60813626432683,78.68537652109305,996.6545068211547,4.987756841783637,47.506324488449884,1
84.8261342604772,26.994064594916992,71.28757832328832,20.773667116033117,1018.7437554095897,2.580735839408927,44.458591366284736,0
147.28884712494457,35.49307062362364,98.63847447949021,77.57789062383816,1009.0620804887498,0.9861833193071711,80.36980247627353,1
186.87340295380298,33.22741222140829,85.43861242806634,34.498709583324626,992.7249781863069,2.382240386283975,74.46851608064311,1
185.11370258135526,23.70391135734936,49.700286174217716,27.80150362510037,1023.4406867003323,5.897608338327041,43.77919281108873,1
90.16787428082642,23.482186706681688,68.6140063880782,4.027962157548259,998.6436408447163,3.963259773925616,34.70301234241173,1
22.64760916815105,21.967912994267948,83.09987052232023,4.22122062876821,1020.0875870873413,2.7888852052338677,33.01394083802686,0
196.9682397924669,33.206054394026765,54.840418949145004,55.36090047573238,995.9083502024597,1.415961824234985,77.85151855481288,1
167.77961728918683,35.287453244434715,78.43691101293325,36.63431955472223,1019.8880008749649,5.923972385060321,7.103095809684435,1
24.93253624065337,25.30092856650008,79.99602874279715,18.121730082888455,990.4630084516853,5.014669550947208,3.256521652039371,1
184.16837652347448,20.418899220618258,49.76198462851396,49.117624506018615,1007.9123159799318,2.048125163480057,79.96335040881151,1
173.97927241242564,21.643433349528546,73.90511874716537,20.228649460008896,1016.9304902797545,0.885377826466542,48.760344846926834,1
103.76761142521443,39.357200696900605,86.29761465871647,46.21054034755381,1022.7178431122475,0.8114405655765692,14.826351578250446,0
118.25508714898585,25.908895549548404,69.93373987215651,28.736699758615227,1021.822074767227,1.162079822280436,25.085461590261122,0
79.80054077402605,35.384462956762675,40.72618700656645,65.88417812894552,1018.6868704341675,3.694227209879319,93.38538740354349,0
10.952327764406267,32.49327137708528,40.54230814475753,65.65569286134235,1021.0866972381457,5.608198816630208,86.23129161124,0
67.03944832918019,27.638792793057917,61.42176063820073,38.188031849792104,996.9726890042976,3.2320888540329147,71.5589349219493,0
160.57068971960229,24.113745243911104,95.57164410590693,28.06552874680125,999.9464503499105,5.136200153509084,49.258072573058,1
0.9264046009205718,22.42772836318813,53.72060677621653,29.004783724727563,1000.113898372237,2.952376409228943,52.9917153667558,0
66.69983433822884,32.30025936077733,78.06182133230124,64.45716205345744,1003.1968875850595,4.397209501723038,97.57396445782794,1
79.63373871818867,35.49267561275576,53.324552241599235,26.25435862380896,1003.7662234634817,4.525300055075754,96.64550350066014,1
107.47912058758457,32.878085070822614,59.300199379572916,16.72474989654768,1009.0594363629136,1.4568003824683626,23.09636648701176,0
183.9711232825521,30.606042664983164,90.88252537608903,6.775067350024546,995.5957917178255,2.486688324366965,81.48824749792118,1
69.26919887319225,20.839024468632726,83.7316865361968,37.33544967075267,1014.1936332325097,4.005161860959132,21.329781284367648,0
69.39064037924554,39.36977555188768,45.723956638792636,38.570567913587354,995.8648288756577,0.888831345014014,22.926672832627236,0
147.50024962194968,35.97428383309149,65.72212125918603,67.27269683223257,1000.8607968736592,2.4884710326962614,68.25711734812853,1
90.44358817796143,25.856440734019294,41.75018581871587,17.699095715685118,1007.6170795712154,3.4413970645465586,41.690107661579745,1
44.920964587996394,39.599406587177015,68.85340879618053,30.47930189347199,1017.8754196533217,5.979234711745512,93.29135189643898,0
90.48790322653868,32.037631792726444,79.74604070206408,64.67245911149527,1015.8814231633554,3.1099345944234242,10.722954019808865,1
28.17140407595997,31.64845316414493,47.11015741588909,65.88988885991787,1012.5937024743682,4.9883121641287795,52.129512799330314,0
35.27739730124466,34.96146358859065,57.333096334549936,30.768886078301456,995.452064120306,2.8763700678663975,92.01510998342589,0
99.67355454789595,36.23539576180275,63.87019753012942,36.729921862934475,1009.1465870965452,4.880148974408399,90.6031387269915,1
83.78508990090958,33.12957214663005,95.17186147936299,24.262871267942636,993.060627562996,3.774781408910596,17.33986291474264,1
182.96918021362,22.561914927324,99.59530092537784,74.60439027354496,1003.2077111878828,5.376274928263191,37.93049460945274,1
72.47877982332662,26.765350119889966,42.69467793973695,9.491501259326425,1004.4730785601486,2.7601840379256046,62.673897204576235,0
116.11767005560868,38.561672806520995,85.66047540972352,74.6999538401176,991.3934003806014,3.8236743090181338,17.620698707597413,1
126.45285758390608,24.49231223687704,62.30344398414059,54.70931614682746,999.589583481449,3.9651027434035506,96.8661728604824,1
2.6188913176667272,27.443340476750265,63.547491173768805,42.5257722149385,1023.4477313543272,2.7956061799026033,91.64543421531071,0
132.70747440334213,28.64153765888392,85.25589840082137,2.61272486275967,1023.3771412740391,1.2937162402811484,18.36111754537798,0
35.60719337395029,28.788099793889046,95.10558592872451,38.047695345760665,1002.3314468988389,1.0145767380178454,13.873235203576572,0
192.21406349389102,32.25879164989051,97.0557156701529,32.61984840021859,991.5085038131914,0.591693528297982,10.37003131521,1
29.73254555062259,38.861516754894154,74.62735516229924,12.897504958009804,996.2683228764863,5.304438453348681,91.12547907558985,1
82.92482474540475,24.8138542366501,61.42726955803017,52.512768280052555,1003.7276227701739,1.80061201731282,20.97513335995516,1
17.06993361572877,22.43002752601836,87.25294515152675,77.69207258946287,1023.172289428923,1.6632871210497242,42.795922997346764,0
199.37485036918946,23.949409797198747,55.060082995738014,44.97510488516201,994.9419672238015,4.54819470234336,45.9874338338963,1
100.43900206624852,37.73849800418539,73.84444173001106,57.18026211551567,1016.7230545283875,2.2600886219806546,60.70308233292962,1
119.07700346400875,32.916216253104125,61.51470769149239,5.476036205281343,993.8038888781142,3.283245808265101,9.030063687247647,1
13.415295477685497,25.7181357847832,79.39786442247257,33.41335966535958,1024.3440152086946,1.3938108591360097,24.222344505250565,0
149.99209407983557,36.318938779372345,54.42393477361041,9.30867881315967,1003.3565774688198,5.778601468040831,93.28605791805475,1
41.981118619117154,37.22739992726872,51.49557674408955,49.02366684292083,1017.133208861467,5.183697700094806,91.02419051231982,0
179.61085788814276,36.93028677380556,95.09434520052622,75.07857265713237,1001.9906878983896,5.250842926307518,78.56648344575784,1
41.02792809640143,38.378530672791086,46.10822097697221,52.942218597731085,1011.9684107005583,2.7372556171460287,3.9013220705851124,0
38.13754413273331,25.04482040346723,70.3574744640959,6.144243865153722,996.7205629659013,4.6929866753894505,34.04666331261801,0
7.309933569618976,35.10083857492557,53.251166977780535,28.373296398806627,995.1107356753937,1.2913188546437908,63.53995606360496,0
94.41338902199985,29.2107899454828,42.335797799540046,44.05307035526812,1022.8322448848846,0.5474045142547915,28.968640753800617,0
112.96822665252328,36.83997105780123,42.161129097485585,32.256620490660175,1022.1176547266551,0.6098511291791546,91.13949611527018,0
13.141727885670473,34.569813543232264,50.51330632634964,66.69152083801379,1021.0614129074509,3.7263095557250825,64.1211672595793,0
155.1055233390021,35.52894892999449,92.00622127036002,65.17368037679914,1011.8901707558308,3.004671978863674,9.046858297011669,1
90.65776694960552,33.12323675362143,56.9487246386216,48.94648160825771,1018.2893873925698,3.3490844189968585,91.0825477058989,0
104.87805386551601,23.548575389394138,97.02755023451775,29.876635610616418,992.4162927918982,0.5410472722947067,95.86113250126981,0
88.15254938764564,30.900538377938766,74.89733757935161,20.42690990105953,1001.7176164661738,2.8247764081158415,9.615817002389099,1
80.1526121750652,39.69339479049016,66.19685138612596,8.469945457050345,1000.9796093665004,4.449374886604734,54.17130301640886,1
111.92806626164358,38.74776132994238,74.80533008016727,28.391814678924323,1012.2475862683415,2.934815360820897,31.729699656988704,0
31.0480491861425,20.863474715940235,71.00190311357606,33.053801376617564,1002.4585220714724,4.527205634717222,40.49822949517743,0
36.38562609905422,23.296296314588744,85.5265752254395,54.065834008325886,995.1977373575288,1.7816043041825913,19.605819359623506,0
172.35712420270346,22.63457546909124,56.949763958371136,52.65278594380588,1010.876347639474,4.97228102464949,58.65106599721643,1
189.22309242672654,34.51959819970591,61.183023496018144,5.608651171300556,1018.5034372234179,3.7363718224939877,95.88197661839128,1
74.66186325595059,36.355706597138905,93.64565815199504,31.620745234492624,1003.3743223060991,1.6591970468644843,51.301114826617685,0
54.148934628710755,24.270227326213437,96.78739078902433,14.542309377388953,994.6294050284469,1.8019626171960812,10.125628976659154,0
128.79990864780316,30.11705385903658,93.55349364918847,12.545016425344455,996.8840869059488,3.9541675551324538,62.76013068078602,1
81.74683421961927,36.814060560224,65.16687963743881,66.18417197897968,998.3119156809285,5.064667762668439,35.34185345622319,1
5.077271132068972,34.65603089532501,86.82193018041289,3.3532173373006025,1000.4964157548088,2.7859528011603536,85.88066857994718,0
31.230519473238072,30.844744109836967,68.58014399806592,33.534630072169705,1012.4978274677209,1.9206523602017571,44.59845853501408,0
143.1944457694795,31.806953809175457,69.85239112876613,13.456292461321455,1011.0330919588201,5.268563838008302,20.89828167634007,1
131.78478838203029,30.1672109383256,52.28080654343704,70.34641725427792,1014.3627951548464,4.180975604629592,20.728351023732206,1
5.419198500696698,25.950969026376413,75.46781819551099,44.56324106200281,1002.687569458603,2.964470180056921,77.33888971067371,0
44.39443238658989,31.300439857180322,51.16815386520088,18.510450910147842,1018.8399178157993,3.18345107403616,28.02758463412127,0
46.21495931761428,33.777706041001814,59.89388194403163,40.19418297331011,997.1430681404516,1.6234105736501803,77.18887262760386,0
134.37854871974568,37.46645831721615,91.3018120971961,58.51890877624926,1006.4164261631354,3.9474144653566414,22.17695645512674,1
3.942107550872831,32.72582707958496,52.424548552651316,76.6494407135547,1018.0328552539501,2.4730838079858875,33.525264132728324,0
20.82171639691477,35.22243074086316,44.269497110405965,17.635680339633517,996.3055526706416,5.976048471708921,47.61772329909054,0
159.98321707463788,23.20143269909146,44.14045555676898,70.89454177034762,993.8452089809274,3.1410093339403833,94.43319326995817,1
35.70893241086672,29.231149488395797,96.44707123018648,74.74432913339922,1020.9289388690796,3.1723708340428725,93.30967962587482,0
130.54922157037495,20.186632396541867,70.41522627771008,73.3136435625653,1002.0025381965719,3.6121848307586952,22.273443791384203,1
47.6365562093453,24.93357729043246,64.5647243090211,50.833148548952785,1013.9354543718161,5.542158017153107,37.10546604182113,1
19.888278551869032,34.52923430226009,88.6527148604751,50.38565235477662,990.8872011492379,4.9044995492286265,16.64114006846969,1
48.634438199890816,39.83619902698727,90.14955567463096,32.25685065470582,1014.1516410943308,2.9812153838881277,51.97853777272272,0
144.45338637113184,21.983561991744317,59.93146198693628,60.191830584303034,1001.063545904144,4.452845962850378,47.137089968077326,1
171.13929362125714,28.029886317225767,81.6170834484277,42.50352146807455,991.9509298755604,3.724295243294189,90.27449592017177,1
166.0439729133983,36.00141937398319,86.2673689511132,54.195045698263556,1011.343446654184,3.2080187678568692,93.14052702352512,1
79.43670592369097,24.080712692577976,79.27904121195726,34.27663230790364,998.428133562561,1.5577367503139279,39.58960431871463,0
133.61702731412925,31.101698986045726,49.095704488005964,58.51971712345112,1003.5382534718158,3.0516494490019,50.190318415860965,1
40.996859083164196,34.661425920593494,92.55298501102342,65.95772140836392,992.820328430028,1.8520022286241606,89.83115241632105,0
58.629546052202656,32.31970900520358,72.34567316416053,11.71490052822529,995.1507137883231,5.5316318241841005,81.05736515901603,0
179.26716370422395,23.760494692308324,56.94834558220022,66.63437724593824,1000.4292032423546,2.344737474229908,2.358318511775629,1
2.600384702147207,27.107691373714786,65.51369112626163,43.22372254322458,993.1415825196055,5.737452079933547,33.365837289991084,1
17.101706170893614,35.675835689707945,42.25426542393444,67.57327272721794,1021.8789192640211,3.4318040955209117,43.33387570974034,0
41.57725102920546,31.084530282640333,47.672008073345054,34.50413650728117,990.2116465114392,3.9734940827188816,24.512195800956707,0
5.306440774763943,20.104592270858255,85.93280503095164,30.3232388306428,1006.9351076602509,3.4861724446913027,21.558018357802,0
36.287087017959465,35.219815200561875,40.00069808532197,73.2048586013778,994.3136610346393,1.2115933933168548,5.702881646376607,0
116.60831219393843,20.70622709880478,64.99394970893754,20.093541403872102,1000.7687681317282,2.567016704543675,65.05023305683653,1
84.2849101184996,34.914675654624645,71.35061086513531,67.53698602289145,1022.4120845936393,1.0453036175269317,27.726008467350233,0
178.53434221539496,24.04961120330475,43.278065200058336,38.72164580075233,995.6593093645895,3.9262472430085995,7.130023486268683,1
163.4887123476882,39.161469602387605,98.38468977833998,41.12763540410078,1023.8041311901417,2.957808073602414,24.635972431750236,1
68.3634703395752,27.35881502604169,53.56751987498032,24.677462519158723,997.2028031946297,4.778917343640153,80.5875673779404,1
51.8846866862585,26.538632326761583,58.25192317817685,45.843376049521254,1015.9548137963391,1.712587645496534,85.44593980136158,0
75.93848163345338,22.977761006648894,58.23655073530164,26.016895702096903,1009.1337042714059,1.405113321361342,49.34049202894366,0
118.05898850296155,26.112084309804295,53.824999727040996,3.141553139332185,1020.9567554658865,2.734827270300723,42.77492570005124,0
53.61272816457525,37.53301523656401,40.08842932517869,21.759888427548482,1009.3897639426095,5.596219607701096,97.82966196317462,1
124.8297815698268,39.926686752544946,83.76068764527977,0.5103234725272543,1008.7095726704708,4.407319982568264,21.65533663963085,1
81.88233043824809,27.366190610136968,98.01072998795712,78.26838296454854,996.841030012894,2.8040799363610525,23.10520971975163,1
110.40943617039605,28.97221261909085,53.4576089971027,77.2597767855798,995.8180276718081,3.344996933648708,30.602983349567175,1
87.22530582706334,34.441418764054745,79.78283150820535,31.612423797784402,1022.077120289043,0.9631715614740408,18.930217191546557,0
58.89315190838354,37.723915609301486,84.51377961752291,58.26966834717168,1001.4743369597512,5.915167430068622,39.17782862401029,1
189.69066139243134,31.860886683735682,90.90552274543148,27.664487872834,1003.0228789237013,4.1652401758220545,91.26175424499587,1
152.72115883195215,27.830513963556587,65.35775182081655,53.687452566878086,1016.5938280449936,2.0697223765488237,62.30408838160028,1
28.02263515329051,28.252436816972477,58.17585433842575,64.43440344367832,1001.8588218847982,3.7219461681838437,42.37076176400184,0
173.69359517958256,33.91236292993614,59.517708041381866,75.74049957537926,1023.3221856323651,1.1021530133794668,93.57225786797905,0
97.48623964990273,20.064365272085574,82.75727998591077,32.01698206797376,1015.827471914958,5.812101678441709,6.749494782630587,1
178.91044537881828,32.39178674919681,89.00676799033816,62.66383863648382,1010.9100234900696,1.4613174333585126,22.607065434382413,1
159.97105118946305,27.109860208827147,50.89683806539616,21.274276050569505,1020.8313306190663,4.064166749303678,57.45708329997238,1
85.04270089384669,35.88394662554168,62.25646048946591,79.22658430349186,991.7362067922319,1.8499995439641175,62.324157072931555,0
4.49386166402348,21.85981279646264,94.116411804949,2.0615679011480914,998.9971942266224,4.446587604566947,5.876635643136088,0
53.735471876989216,31.76404533896781,88.40161118168436,48.282304520089674,1006.2762716977319,4.7725175198215455,41.497798274898955,0
108.32684293217338,29.619457797722475,99.09150416574855,52.76047853210617,997.9442488815032,4.203808509012879,65.61708855342553,1
126.69564396522945,32.84651051810455,85.25489558092485,55.04364456593031,1016.0366815555753,3.879747031403559,70.41091354753335,1
51.577537086640454,21.297071889659367,63.59171206167534,9.631006303127121,1022.1722810868804,5.408580016736064,64.53771044659439,0
27.871214814564826,31.599675748562625,75.43827003967826,75.08238267785043,1004.8319541975823,0.9324469104436692,33.41519598737061,0
166.9860473598598,31.229691759190473,79.66085525483922,14.494662324006624,1001.9746410039163,2.3200312117910737,11.164972112595132,1
196.88043614071043,31.213201888323418,44.70734897902744,49.820272259187284,1023.6542756248148,1.8655811379696527,43.85701974909474,0
105.13803646053717,32.06975333192909,72.66981754623191,17.814086329846795,1005.5698351489639,5.934076791359819,14.617934862069436,1
34.3358571696607,33.529358744527244,82.55924970835657,24.57731336170167,1007.1166940157249,2.641643788167804,94.86711853502537,0
54.461465303873794,36.0997799936154,50.039278240063624,43.71668333824995,1002.3077455319667,4.529369845822193,48.56674487021757,1
3.6781353094933467,25.396414402564286,86.83790304553344,33.37547348516612,1021.8341965554248,4.265988401345525,33.09139908697302,0
182.8597613120998,36.50098820360124,75.0263668308467,12.818048078120503,1009.9134419148647,1.6664468061255775,77.0977989696522,1
23.550216578028227,29.96511364526907,97.13330714185568,13.674912193667863,1016.6761105513575,1.8144872411635322,50.79896207306186,0
115.30329510285071,21.541165582686624,42.5453378924135,33.451583053023974,1018.413235142281,2.0470650995416877,32.38333435322011,0
54.8110441374412,21.171018584879583,55.919568253328016,60.58263826204006,1001.964716467104,2.761200030426586,81.57283875429857,0
110.83560050315869,26.684766373921214,76.09323275798944,71.83717174782308,1005.1793015962133,1.7887878610778973,86.98091079810996,1
130.28407767037285,35.69793954222935,57.79359473235584,6.730212980750627,1019.6965121042192,0.6080831551076629,67.95480029629034,0
165.94836074144033,34.15361869481831,82.86544984427454,31.448312604752083,1002.7139373086534,5.3366618124395755,6.602513395951394,1
41.28425435212064,35.77229929344813,85.54031695131586,8.01964509783013,1017.7877296708148,5.8108540725948625,57.49964225632014,0
2.1991657316960955,30.345381128832187,46.150957843988465,1.3273984506078307,1022.9347312901053,2.3786371286736236,76.8029013757336,0
27.377126013761455,28.80397995910981,70.83126785240606,52.93749461151653,1011.8123630573803,2.361787836840101,15.377295184191054,0
180.00372836962103,22.94905053412568,70.53343333546336,48.19595535732702,1015.9569550608161,0.5390049702590405,24.40973363569113,1
174.77801551250306,26.56385507218623,62.156846212932464,13.041529105190897,1018.1784059214398,4.241378785817057,88.48452029667737,1
119.48262043406166,28.680387323477504,95.97549175418033,18.70502664744513,1019.5763877113825,5.039919426617458,3.9719287416012556,1
120.10337208673067,21.772008593592346,89.65037919239327,1.8966202915614705,1003.8268668249879,1.3063456519800174,75.76725950694565,0
133.00733490925109,24.412239054224223,81.8325629145782,66.7957764555523,991.7942210711599,1.378164921519329,48.429782666413445,1
35.07425572468992,31.964505881274775,82.85959814409986,77.97524768388412,1004.0656694932859,4.845457874842908,45.78367156628147,1
182.88238918499195,34.713262284783795,67.70296862878715,10.836762943575264,1013.5814680424431,3.889599115947796,2.695460184498943,1
83.75410497841462,39.966950227858995,95.25967126579455,18.518017101223847,1005.7622635023278,0.7467330669524436,82.3010266347163,0
76.6277056498995,38.66226662687116,81.67572563519713,69.47276191575472,1016.2137102801139,3.9240084475425494,37.26284026238351,0
103.78354105656751,32.851303990703826,83.738863699349,74.11710383649479,1002.4943850314032,2.1990474756407132,54.99503186745321,1
9.39319335501101,28.42496106588144,91.70145422724072,33.57019062454483,1012.2160449386411,2.5279883550896525,68.37546726089462,0
33.256673751215885,32.72354729416465,56.444295360531456,4.04979778152593,996.5246931698891,4.733522800632841,70.85769849091575,0
147.6067232852741,35.71303236160464,88.42425423200217,3.151346695425552,1016.2279302825735,4.960143559699358,95.68604576495508,1
16.559733585025292,22.366723818467747,51.71443617738952,45.91598928552084,1009.0993589084559,2.7019614476190688,54.07131541718769,0
120.63042189327764,28.198097793925765,60.72051713469327,31.431608711454324,997.142253599131,5.709341148034951,41.1725159954939,1
49.06982193626419,36.79604571271234,60.136627256190565,2.2921942062123613,1000.2168910724232,2.7355449487363974,95.46295539618738,0
77.85912280839531,27.67665903866088,98.71152810334843,46.66019138500454,1016.2013048003641,4.745098193765605,64.92680303250107,1
57.738747354139974,31.437445424543732,91.39223342487561,0.9042029271217977,1006.8910432481532,3.161324955103425,31.218734915102452,0
71.13454329298983,31.755387217243964,82.07019169541559,62.98975665194184,997.5611004137576,5.436427795871462,14.393496049549974,1
143.8091810368491,23.689525062672786,83.62340569692341,24.514625816269728,1023.8544916629604,5.492686840075982,84.57034114358777,1
59.424343124635,27.244708833045767,73.72436766415427,3.220640240738568,1015.0293756935911,0.9807924432909612,37.493797073826855,0
113.28092805937943,26.690225774838645,96.82544002651115,47.06817767865226,1023.4997191388928,5.650713322206242,66.72603269371426,1
95.21008043981993,20.523934170641297,69.77552517294168,31.814753154644375,1004.948676587612,5.040441628362286,48.14000909785802,1
132.73423307252963,20.483835277827104,62.831062592193675,77.90403306857196,1006.6285119242102,4.8522089287196675,21.49511841991376,1
187.3659478649516,36.63394087351547,49.78212021589546,43.53589300029618,1021.4284325664756,1.6050123682703734,60.96528764480558,1
146.51441944205007,25.46141619945625,87.17233913566348,22.019134482960663,1008.3767269085885,4.928155648150657,7.9469407571668675,1
42.98807571815135,30.36157532477631,84.06663592453549,56.75510917071798,1014.7547619166984,5.175730040767703,42.50756106737684,1
6.2366270122569345,25.97451147177546,63.06130231144809,21.719360203416905,998.8260507123435,2.0903268394978305,55.56826408703976,0
52.45280885996502,38.813584902306815,41.51160483755376,72.3394633126052,1005.6354264045924,5.737430430992781,44.73260346362075,1
119.01558614005097,25.185935177315475,90.33983966308065,29.977757640590113,994.3207453033624,0.7742308051954034,75.3698731745971,1
10.285162696850069,28.593136254778702,40.68507900724442,43.98948502209642,997.2093012556936,1.324500892859268,83.13664554544062,0
99.27324944024727,37.45460500969204,82.22198677774306,4.045848305938309,990.0330195343671,3.4566962592833286,77.58182125525146,1
119.36856978337784,36.838671335836175,98.21542658356341,34.08969903617846,991.3742768077032,3.666858591172703,5.803668885556607,1
66.84877816339217,23.722028356925545,66.2596796888922,66.5890831728796,1024.2049338111926,4.048325458154968,21.024619503705278,1
154.18244074916439,36.052866195914206,54.09840429975716,64.45190442906735,998.4823793297867,0.5933302112350656,54.58753590784988,1
21.31965062675436,29.163737734757852,82.29226060260291,17.945484708282102,1013.2158748326401,5.782017260421717,93.61255996349252,0
15.027556347161752,29.659377441707104,89.0276885209351,18.086325680845015,1019.3684894579864,0.745234510037792,83.82576395510745,0
145.63775124072066,22.669599448318877,72.78581896467084,65.38442497705894,1009.2731160732798,1.2868407399787132,84.56838181847657,1
99.09826324123969,21.612030275142494,98.02211651536877,74.43187361354605,995.3600575029385,0.5770798463933133,31.71440298844814,0
137.68047928554722,34.5587861394753,43.100123299477666,7.628873701840284,1015.4840753067658,3.617721383117521,44.08589391371285,1
86.96546772074925,29.929223047105996,70.28773589827169,36.00469115409802,1011.0087993534854,5.627467861565347,48.12918283696187,1
49.280406647821366,28.737014052303593,83.107236839353,26.996342317138318,1015.5937706271582,4.162709413442553,17.42241516829122,1
163.82046353483994,34.590164573047936,91.75842826895074,69.65507643659515,1016.9411317999981,5.02461607664235,5.044676763956719,1
159.88317579379586,35.3102579798222,50.755336714467404,6.6819931744015015,1024.1393628689661,0.5730466190221905,94.79648414713066,0
138.93929417088535,23.17816335338707,88.00020890582088,16.890075404642992,1010.0747148009349,3.4810841416384934,25.58983339502366,1
54.42902744599254,32.20450298955282,73.1624245431127,60.197467006919545,1001.957438944171,3.0275963762803704,25.514992564915868,0
118.04613337381741,22.70708164555371,63.7932209193978,4.103507918497247,1012.6962594915083,3.244323693214362,10.171147269338434,1
72.19477938800536,35.027501720580915,47.90290171474561,39.40283045714314,992.3954248234919,0.8971725193435337,92.9937596904903,0
18.316414665326832,33.13910312534279,91.91774553453475,35.3685627743776,1021.4089061412556,4.264394485881191,58.814237264097656,0
183.46271509244855,39.13229242166916,49.43639249078292,26.752094319099893,994.1783353968369,3.2677122817224893,67.36961199828468,1
27.36372618379228,21.379160327128425,58.58727155254596,31.565785225513903,1001.4744993260036,4.708318674236952,91.33453495177915,0
190.0474707641605,21.141094423025088,57.40273191774621,42.39524695441864,1018.5510883219142,3.1690984873394346,35.87077655227737,1
89.20115459159115,25.643741493864002,92.28484205145125,12.90938867107065,1010.9059332415749,1.3215989992453765,62.90771649153224,0
